Name,Item,Ability,EVs,IVs,Tera Type,Nature,Moves
Abomasnow,Icy Rock,Snow Warning,168 HP / 252 SpA / 88 Spe,0 Atk,Ground,Modest Nature,"['- Blizzard', '- Earth Power', '- Leaf Storm', '- Aurora Veil']"
Abomasnow,Icy Rock,Snow Warning,4 HP / 252 Atk / 252 Spe,,Ground,Adamant Nature,"['- Swords Dance', '- Wood Hammer', '- Earthquake', '- Ice Shard']"
Alomomola,Rocky Helmet,Regenerator,40 HP / 252 Def / 216 SpD,,Fairy,Relaxed Nature,"['- Wish', '- Protect', '- Whirlpool', '- Play Rough']"
Altaria,Heavy-Duty Boots,Natural Cure,252 HP / 180 Def / 76 SpD,,Steel,Impish Nature,"['- Brave Bird', '- Defog', '- Will-O-Wisp', '- Roost']"
Amoonguss,Rocky Helmet,Regenerator,252 HP / 172 Def / 84 SpD,,Water,Bold Nature,"['- Spore', '- Giga Drain', '- Sludge Bomb', '- Clear Smog']"
Ampharos,Assault Vest,Static,252 HP / 176 SpA / 80 SpD,,Dragon,Modest Nature,"['- Discharge', '- Focus Blast', '- Volt Switch', '- Dragon Tail']"
Annihilape,Leftovers,Defiant,240 HP / 252 SpD / 16 Spe,,Water,Careful Nature,"['- Bulk Up', '- Taunt', '- Drain Punch', '- Rage Fist']"
Appletun,Heavy-Duty Boots,Thick Fat,248 HP / 8 SpA / 252 SpD,,Steel,Calm Nature,"['- Apple Acid', '- Recover', '- Leech Seed', '- Dragon Tail']"
Arboliva,Choice Specs,Seed Sower,204 HP / 252 SpA / 52 Spe,0 Atk,Grass,Modest Nature,"['- Leaf Storm', '- Earth Power', '- Hyper Voice', '- Giga Drain']"
Arboliva,Leftovers,Seed Sower,252 HP / 252 Def / 4 SpD,0 Atk,Water,Bold Nature,"['- Giga Drain', '- Earth Power', '- Strength Sap', '- Leech Seed']"
Arcanine,Heavy-Duty Boots,Intimidate,252 HP / 236 Def / 20 Spe,,Water,Impish Nature,"['- Flare Blitz', '- Will-O-Wisp', '- Morning Sun', '- Roar']"
Arceus,Leftovers,Ice Scales,252 HP / 252 Def / 252 SpA / 252 SpD / 252 Spe,0 Atk,Poison,Timid Nature,"['- Boomburst', '- Heart Swap', '- Knock Off', '- Strength Sap']"
Arceus-Dark,Dread Plate,Multitype,248 HP / 136 Def / 124 Spe,,Poison,Bold Nature,"['- Foul Play', '- Toxic', '- Taunt', '- Recover']"
Arceus-Fairy,Heavy-Duty Boots,Pixilate,252 HP / 252 Atk / 252 Def / 252 SpA / 252 SpD / 252 Spe,,Fairy,Serious Nature,"['- Strength Sap', '- Boomburst', '- Rapid Spin', '- Extreme Speed']"
Arceus-Fire,Leftovers,Fur Coat,252 HP / 252 Def / 252 SpA / 252 SpD / 252 Spe,0 Atk,Flying,Bold Nature,"['- Lava Plume', '- Heal Bell', '- U-turn', '- Recover']"
Arceus-Flying,Covert Cloak,Aerilate,252 HP / 252 Atk / 252 Def / 252 SpA / 252 SpD / 252 Spe,,Flying,Serious Nature,"['- Strength Sap', '- Boomburst', '- Rapid Spin', '- Nuzzle']"
Arceus-Grass,Leftovers,Ice Scales,252 HP / 252 Def / 252 SpD / 252 Spe,0 Atk,Steel,Calm Nature,"['- Recover', '- Nuzzle', '- Knock Off', '- Spikes']"
Arceus-Ground,Earth Plate,Ice Scales,252 HP / 252 Atk / 252 Def / 252 SpD / 252 Spe,,Steel,Jolly Nature,"['- Shore Up', '- Precipice Blades', '- Tidy Up', '- Toxic']"
Armarouge,Weakness Policy,Weak Armor,252 SpA / 4 SpD / 252 Spe,0 Atk,Psychic,Timid Nature,"['- Endure', '- Armor Cannon', '- Expanding Force', '- Aura Sphere']"
Armarouge,Heavy-Duty Boots,Weak Armor,252 SpA / 4 SpD / 252 Spe,0 Atk,Grass,Timid Nature,"['- Calm Mind', '- Armor Cannon', '- Expanding Force', '- Energy Ball']"
Avalugg,Heavy-Duty Boots,Sturdy,252 HP / 4 Atk / 252 Def,,Fighting,Impish Nature,"['- Body Press', '- Avalanche', '- Recover', '- Rapid Spin']"
Avalugg,Heavy-Duty Boots,Sturdy,252 HP / 4 Atk / 252 Def,,Fighting,Impish Nature,"['- Body Press', '- Avalanche', '- Recover', '- Rapid Spin']"
Banette,Life Orb,Frisk,252 Atk / 4 SpD / 252 Spe,,Dark,Jolly Nature,"['- Swords Dance', '- Knock Off', '- Shadow Claw', '- Sucker Punch']"
Barraskewda,Choice Band,Swift Swim,252 Atk / 4 SpD / 252 Spe,,Water,Adamant Nature,"['- Liquidation', '- Close Combat', '- Crunch', '- Aqua Jet']"
Baxcalibur,Loaded Dice,Thermal Exchange,252 Atk / 4 SpD / 252 Spe,,Dragon,Jolly Nature,"['- Swords Dance', '- Glaive Rush', '- Icicle Spear', '- Ice Shard']"
Baxcalibur,Loaded Dice,Thermal Exchange,252 Atk / 4 Def / 252 Spe,,Dragon,Jolly Nature,"['- Dragon Dance', '- Glaive Rush', '- Icicle Spear', '- Earthquake']"
Baxcalibur,Choice Band,Thermal Exchange,252 Atk / 4 SpD / 252 Spe,,Dragon,Jolly Nature,"['- Glaive Rush', '- Icicle Crash', '- Earthquake', '- Ice Shard']"
Beartic,Heavy-Duty Boots,Slush Rush,252 Atk / 4 Def / 252 Spe,,Dark,Jolly Nature,"['- Swords Dance', '- Icicle Crash', '- Close Combat', '- Crunch']"
Bellibolt,Heavy-Duty Boots,Electromorphosis,252 HP / 252 Def / 4 SpD,0 Atk,Flying,Bold Nature,"['- Parabolic Charge', '- Slack Off', '- Volt Switch', '- Muddy Water']"
Blissey,Heavy-Duty Boots,Natural Cure,4 HP / 252 Def / 252 SpD,0 Atk,Ghost,Bold Nature,"['- Seismic Toss', '- Soft-Boiled', '- Stealth Rock', '- Thunder Wave']"
Bombirdier,Heavy-Duty Boots,Big Pecks,252 HP / 184 SpD / 72 Spe,,Ground,Careful Nature,"['- Knock Off', '- Stealth Rock', '- U-turn', '- Roost']"
Bombirdier,Focus Sash,Big Pecks,252 Atk / 4 Def / 252 Spe,,Ghost,Jolly Nature,"['- Stealth Rock', '- Taunt', '- Knock Off', '- Memento']"
Bombirdier,Choice Band,Rocky Payload,252 Atk / 4 Def / 252 Spe,,Dark,Jolly Nature,"['- Knock Off', '- Brave Bird', '- Stone Edge', '- U-turn']"
Brambleghast,Heavy-Duty Boots,Wind Rider,252 HP / 220 Def / 36 Spe,,Ghost,Bold Nature,"['- Rapid Spin', '- Strength Sap', '- Shadow Ball', '- Spikes']"
Braviary,Heavy-Duty Boots,Defiant,248 HP / 28 Atk / 216 SpD / 16 Spe,,Steel,Adamant Nature,"['- Brave Bird', '- Defog', '- Roost', '- U-turn']"
Breloom,Focus Sash,Technician,252 Atk / 4 SpD / 252 Spe,,Fire,Adamant Nature,"['- Spore', '- Bullet Seed', '- Mach Punch', '- Tera Blast']"
Breloom,Choice Band,Technician,252 Atk / 4 SpD / 252 Spe,,Fighting,Adamant Nature,"['- Bullet Seed', '- Close Combat', '- Mach Punch', '- Bulldoze']"
Bronzong,Leftovers,Levitate,252 HP / 124 Def / 132 SpD,0 Spe,Water,Sassy Nature,"['- Stealth Rock', '- Gyro Ball', '- Earthquake', '- Hypnosis']"
Bronzong,Leftovers,Levitate,252 HP / 88 Def / 168 SpD,0 Atk,Water,Bold Nature,"['- Iron Defense', '- Body Press', '- Psychic', '- Rest']"
Brute Bonnet,Loaded Dice,Protosynthesis,252 Atk / 4 Def / 252 Spe,,Fire,Adamant Nature,"['- Spore', '- Bullet Seed', '- Sucker Punch', '- Tera Blast']"
Bruxish,Choice Band,Strong Jaw,252 Atk / 4 Def / 252 Spe,,Water,Jolly Nature,"['- Psychic Fangs', '- Wave Crash', '- Aqua Jet', '- Poison Fang']"
Bruxish,Mystic Water,Strong Jaw,252 Atk / 4 Def / 252 Spe,,Fairy,Jolly Nature,"['- Swords Dance', '- Psychic Fangs', '- Aqua Jet', '- Tera Blast']"
Bruxish,Choice Scarf,Strong Jaw,252 Atk / 4 Def / 252 Spe,,Water,Jolly Nature,"['- Psychic Fangs', '- Wave Crash', '- Aqua Jet', '- Crunch']"
Cacturne,Life Orb,Water Absorb,4 Atk / 252 SpA / 252 Spe,,Dark,Naive Nature,"['- Spikes', '- Leaf Storm', '- Sucker Punch', '- Drain Punch']"
Cacturne,Life Orb,Water Absorb,252 Atk / 4 SpD / 252 Spe,,Dark,Adamant Nature,"['- Swords Dance', '- Sucker Punch', '- Drain Punch', '- Seed Bomb']"
Camerupt,Leftovers,Solid Rock,252 HP / 4 Def / 252 SpD,,Grass,Calm Nature,"['- Stealth Rock', '- Lava Plume', '- Earth Power', '- Rock Slide']"
Camerupt,Choice Specs,Solid Rock,252 HP / 4 Def / 252 SpA,0 Atk / 0 Spe,Fire,Quiet Nature,"['- Eruption', '- Fire Blast', '- Earth Power', '- Ancient Power']"
Carkol,Eviolite,Flame Body,252 HP / 4 Def / 252 SpD,,Ghost,Sassy Nature,"['- Rapid Spin', '- Stealth Rock', '- Spikes', '- Flamethrower']"
Ceruledge,Heavy-Duty Boots,Flash Fire,252 HP / 244 SpD / 12 Spe,,Bug,Careful Nature,"['- Bulk Up', '- Bitter Blade', '- Shadow Sneak', '- Taunt']"
Ceruledge,Focus Sash,Weak Armor,252 Atk / 4 SpD / 252 Spe,,Fire,Jolly Nature,"['- Swords Dance', '- Bitter Blade', '- Shadow Sneak', '- Close Combat']"
Cetitan,Sitrus Berry,Slush Rush,4 HP / 252 Atk / 252 Spe,,Ground,Adamant Nature,"['- Belly Drum', '- Icicle Crash', '- Earthquake', '- Ice Shard']"
Chansey,Eviolite,Natural Cure,252 HP / 252 Def / 4 SpD,,Fairy,Bold Nature,"['- Stealth Rock', '- Seismic Toss', '- Soft-Boiled', '- Thunder Wave']"
Charizard,Heavy-Duty Boots,Blaze,252 SpA / 4 SpD / 252 Spe,0 Atk,Flying,Timid Nature,"['- Flamethrower', '- Hurricane', '- Focus Blast', '- Will-O-Wisp']"
Charizard,Heavy-Duty Boots,Blaze,252 Atk / 4 SpD / 252 Spe,,Ground,Jolly Nature,"['- Dragon Dance', '- Flare Blitz', '- Earthquake', '- Dragon Claw']"
Chi-Yu,Choice Specs,Beads of Ruin,4 Def / 252 SpA / 252 Spe,,Fire,Modest Nature,"['- Overheat', '- Flamethrower', '- Fire Blast', '- Dark Pulse']"
Chi-Yu,Choice Scarf,Beads of Ruin,252 SpA / 4 SpD / 252 Spe,,Fire,Modest Nature,"['- Flamethrower', '- Dark Pulse', '- Fire Blast', '- Psychic']"
Chi-Yu,Life Orb,Beads of Ruin,4 Def / 252 SpA / 252 Spe,,Fire,Modest Nature,"['- Overheat', '- Flamethrower', '- Dark Pulse', '- Nasty Plot']"
Chien-Pao,Choice Band,Sword of Ruin,252 Atk / 4 Def / 252 Spe,,Dark,Adamant Nature,"['- Icicle Crash', '- Crunch', '- Ice Shard', '- Sacred Sword']"
Chien-Pao,Heavy-Duty Boots,Sword of Ruin,252 Atk / 4 Def / 252 Spe,,Dark,Adamant Nature,"['- Swords Dance', '- Crunch', '- Icicle Crash', '- Sucker Punch']"
Cinderace,Heavy-Duty Boots,Libero,252 Atk / 4 SpD / 252 Spe,,Fire,Jolly Nature,"['- Pyro Ball', '- U-turn', '- Sucker Punch', '- Court Change']"
Cinderace,Heavy-Duty Boots,Blaze,224 HP / 32 Atk / 252 Spe,,Fire,Jolly Nature,"['- Pyro Ball', '- U-turn', '- Will-O-Wisp', '- Court Change']"
Clawitzer,Choice Specs,Mega Launcher,252 SpA / 4 SpD / 252 Spe,,Dragon,Modest Nature,"['- Dragon Pulse', '- Water Pulse', '- Aura Sphere', '- U-turn']"
Clodsire,Leftovers,Unaware,248 HP / 8 Def / 252 SpD,,Water,Careful Nature,"['- Toxic', '- Stealth Rock', '- Recover', '- Earthquake']"
Cloyster,White Herb,Skill Link,252 Atk / 4 SpA / 252 Spe,,Electric,Adamant Nature,"['- Shell Smash', '- Icicle Spear', '- Drill Run', '- Tera Blast']"
Copperajah,Leftovers,Heavy Metal,60 HP / 16 Atk / 180 Def / 252 SpD,,Flying,Adamant Nature,"['- Heavy Slam', '- Earthquake', '- Whirlwind', '- Protect']"
Corviknight,Leftovers,Pressure,248 HP / 252 Def / 8 SpD,,Water,Impish Nature,"['- Brave Bird', '- Body Press', '- U-turn', '- Roost']"
Crabominable,Assault Vest,Iron Fist,252 HP / 196 SpD / 60 Spe,,Water,Adamant Nature,"['- Drain Punch', '- Ice Hammer', '- Earthquake', '- Close Combat']"
Crabominable,Life Orb,Iron Fist,252 HP / 252 Atk / 4 SpD,0 Spe,Fighting,Brave Nature,"['- Ice Hammer', '- Close Combat', '- Earthquake', '- Thunder Punch']"
Cresselia,Covert Cloak,Levitate,248 HP / 8 SpA / 252 Spe,,Poison,Timid Nature,"['- Stored Power', '- Moonblast', '- Calm Mind', '- Moonlight']"
Cryogonal,Heavy-Duty Boots,Levitate,248 HP / 8 Def / 252 Spe,0 Atk,Steel,Timid Nature,"['- Rapid Spin', '- Freeze-Dry', '- Recover', '- Haze']"
Cyclizar,Life Orb,Regenerator,4 Atk / 252 SpA / 252 Spe,,Steel,Naive Nature,"['- Draco Meteor', '- Overheat', '- Power Whip', '- U-turn']"
Cyclizar,Heavy-Duty Boots,Regenerator,180 HP / 104 SpA / 224 Spe,,Steel,Timid Nature,"['- Draco Meteor', '- Knock Off', '- U-turn', '- Rapid Spin']"
Dachsbun,Heavy-Duty Boots,Well-Baked Body,252 HP / 192 SpD / 64 Spe,,Steel,Careful Nature,"['- Wish', '- Play Rough', '- Body Press', '- Protect']"
Decidueye (M),Heavy-Duty Boots,Long Reach,248 HP / 44 Def / 216 SpD,,Normal,Calm Nature,"['- Leaf Storm', '- Knock Off', '- Roost', '- Defog']"
Dedenne,Choice Scarf,Cheek Pouch,252 SpA / 4 SpD / 252 Spe,,Fairy,Timid Nature,"['- Thunderbolt', '- Dazzling Gleam', '- Volt Switch', '- U-turn']"
Dedenne,Choice Specs,Cheek Pouch,252 SpA / 4 SpD / 252 Spe,,Fairy,Timid Nature,"['- Thunderbolt', '- Dazzling Gleam', '- Volt Switch', '- U-turn']"
Delibird,Focus Sash,Vital Spirit,4 Def / 252 SpA / 252 Spe,,Ghost,Timid Nature,"['- Spikes', '- Rapid Spin', '- Ice Beam', '- Memento']"
Diancie,Diancite,Magic Bounce,4 Atk / 252 SpA / 252 Spe,,,Naive Nature,"['- Moonblast', '- Diamond Storm', '- Mystical Fire', '- Stealth Rock']"
Ditto,Choice Scarf,Imposter,248 HP / 8 Def / 252 SpA,0 Spe,Steel,Quiet Nature,['- Transform']
Dondozo,Heavy-Duty Boots,Unaware,252 HP / 252 Def / 4 SpD,,Grass,Impish Nature,"['- Liquidation', '- Body Press', '- Rest', '- Sleep Talk']"
Dondozo,Leftovers,Unaware,252 HP / 4 Def / 252 SpD,,Grass,Careful Nature,"['- Curse', '- Liquidation', '- Body Press', '- Protect']"
Donphan,Leftovers,Sturdy,208 HP / 252 Atk / 48 Spe,,Ghost,Adamant Nature,"['- Earthquake', '- Knock Off', '- Rapid Spin', '- Ice Spinner']"
Donphan,Assault Vest,Sturdy,232 HP / 24 Atk / 204 SpD / 48 Spe,,Ghost,Adamant Nature,"['- Earthquake', '- Knock Off', '- Rapid Spin', '- Ice Spinner']"
Dragalge,Leftovers,Adaptability,252 HP / 124 SpA / 132 Spe,,Water,Modest Nature,"['- Toxic Spikes', '- Draco Meteor', '- Sludge Bomb', '- Dragon Tail']"
Dragalge,Choice Specs,Adaptability,84 HP / 252 SpA / 172 Spe,0 Atk,Dragon,Modest Nature,"['- Draco Meteor', '- Sludge Bomb', '- Focus Blast', '- Shadow Ball']"
Dragapult,Choice Specs,Infiltrator,252 SpA / 4 SpD / 252 Spe,,Ghost,Timid Nature,"['- Draco Meteor', '- Shadow Ball', '- Flamethrower', '- U-turn']"
Dragapult,Choice Band,Infiltrator,252 Atk / 4 SpD / 252 Spe,,Dragon,Adamant Nature,"['- Dragon Darts', '- Phantom Force', '- Sucker Punch', '- U-turn']"
Dragapult,Heavy-Duty Boots,Infiltrator,76 Atk / 180 SpA / 252 Spe,,Ghost,Hasty Nature,"['- Will-O-Wisp', '- Hex', '- Dragon Darts', '- U-turn']"
Dragapult,Leftovers,Infiltrator,252 Atk / 4 SpD / 252 Spe,,Dragon,Adamant Nature,"['- Dragon Dance', '- Dragon Darts', '- Phantom Force', '- Substitute']"
Dragonite,Heavy-Duty Boots,Multiscale,252 Atk / 4 Def / 252 Spe,,Normal,Adamant Nature,"['- Dragon Dance', '- Extreme Speed', '- Earthquake', '- Fire Punch']"
Dragonite,Heavy-Duty Boots,Multiscale,144 HP / 252 Atk / 112 Spe,,Normal,Adamant Nature,"['- Dragon Dance', '- Extreme Speed', '- Earthquake', '- Roost']"
Dragonite,Choice Band,Multiscale,252 Atk / 4 Def / 252 Spe,,Normal,Adamant Nature,"['- Outrage', '- Extreme Speed', '- Earthquake', '- Fire Punch']"
Drednaw,Focus Sash,Swift Swim,252 Atk / 4 Def / 252 Spe,,Grass,Adamant Nature,"['- Shell Smash', '- Liquidation', '- Stone Edge', '- Tera Blast']"
Drifblim,Heavy-Duty Boots,Aftermath,252 HP / 252 Def / 4 SpD,,Fairy,Bold Nature,"['- Hex', '- Will-O-Wisp', '- Defog', '- Strength Sap']"
Dudunsparce,Leftovers,Serene Grace,252 HP / 152 SpD / 104 Spe,,Ghost,Careful Nature,"['- Coil', '- Body Slam', '- Roost', '- Dragon Tail']"
Dudunsparce,Leftovers,Rattled,252 HP / 172 Def / 84 Spe,,Ghost,Bold Nature,"['- Calm Mind', '- Boomburst', '- Shadow Ball', '- Roost']"
Dugtrio,Life Orb,Sand Force,252 Atk / 4 Def / 252 Spe,,Dark,Jolly Nature,"['- Swords Dance', '- Earthquake', '- Stone Edge', '- Sucker Punch']"
Eelektross,Leftovers,Levitate,252 HP / 240 SpD / 16 Spe,,Steel,Careful Nature,"['- Thunder Punch', '- Drain Punch', '- Dragon Tail', '- Coil']"
Eelektross,Assault Vest,Levitate,252 HP / 4 Def / 252 SpD,0 Spe,Steel,Sassy Nature,"['- Discharge', '- U-turn', '- Giga Drain', '- Dragon Tail']"
Eiscue,Heavy-Duty Boots,Ice Face,252 SpA / 4 SpD / 252 Spe,0 Atk,Ice,Timid Nature,"['- Snowscape', '- Freeze-Dry', '- Surf', '- Blizzard']"
Electrode,Heavy-Duty Boots,Aftermath,252 SpA / 4 SpD / 252 Spe,0 Atk,Water,Timid Nature,"['- Thunderbolt', '- Volt Switch', '- Tera Blast', '- Taunt']"
Electrode,Damp Rock,Aftermath,252 HP / 4 SpA / 252 Spe,,Electric,Timid Nature,"['- Rain Dance', '- Taunt', '- Thunder', '- Explosion']"
Espathra,Electric Seed,Speed Boost,152 HP / 244 Def / 112 Spe,,Fairy,Bold Nature,"['- Calm Mind', '- Stored Power', '- Dazzling Gleam', '- Roost']"
Espeon,Expert Belt,Magic Bounce,252 SpA / 4 SpD / 252 Spe,0 Atk,Fire,Timid Nature,"['- Psychic', '- Grass Knot', '- Tera Blast', '- Morning Sun']"
Espeon,Light Clay,Magic Bounce,252 HP / 4 Def / 252 Spe,0 Atk,Ghost,Timid Nature,"['- Reflect', '- Light Screen', '- Yawn', '- Psychic']"
Eternatus,Heavy-Duty Boots,Fur Coat,252 HP / 252 Def / 252 SpA / 252 SpD / 252 Spe,0 Atk,Flying,Bold Nature,"['- Strength Sap', '- Draco Meteor', '- Torch Song', '- Spikes']"
Eternatus,Draco Plate,Mold Breaker,252 HP / 252 Def / 252 SpA / 252 SpD / 252 Spe,0 Atk,Flying,Timid Nature,"['- Nasty Plot', '- Judgment', '- Magma Storm', '- Strength Sap']"
Eternatus,Heavy-Duty Boots,Regenerator,252 HP / 252 Def / 252 SpA / 252 SpD / 252 Spe,0 Atk,Fairy,Timid Nature,"['- Volt Switch', '- Dragon Energy', '- Spikes', '- Final Gambit']"
Falinks,Lum Berry,Defiant,252 Atk / 4 Def / 252 Spe,,Ghost,Jolly Nature,"['- No Retreat', '- Close Combat', '- Rock Slide', '- Tera Blast']"
Falinks,Choice Band,Defiant,252 Atk / 4 Def / 252 Spe,,Ghost,Jolly Nature,"['- First Impression', '- Close Combat', '- Rock Slide', '- Tera Blast']"
Farigiraf,Leftovers,Armor Tail,20 Def / 252 SpA / 236 Spe,,Fairy,Modest Nature,"['- Calm Mind', '- Stored Power', '- Dazzling Gleam', '- Agility']"
Flamigo,Choice Scarf,Scrappy,252 Atk / 4 SpD / 252 Spe,,Fighting,Jolly Nature,"['- Close Combat', '- Brave Bird', '- Liquidation', '- U-turn']"
Flapple,Choice Band,Hustle,252 Atk / 4 Def / 252 Spe,,Dragon,Adamant Nature,"['- Grav Apple', '- Outrage', '- Sucker Punch', '- U-turn']"
Flapple,Choice Scarf,Hustle,252 Atk / 4 Def / 252 Spe,,Dragon,Jolly Nature,"['- Grav Apple', '- Outrage', '- Sucker Punch', '- U-turn']"
Flapple,Choice Specs,Ripen,4 Def / 252 SpA / 252 Spe,,Dragon,Modest Nature,"['- Draco Meteor', '- Dragon Pulse', '- Giga Drain', '- U-turn']"
Flapple,Sitrus Berry,Ripen,252 Atk / 4 Def / 252 Spe,,Flying,Jolly Nature,"['- Dragon Dance', '- Grav Apple', '- Acrobatics', '- Outrage']"
Flareon,Heavy-Duty Boots,Flash Fire,252 HP / 4 Def / 252 SpD,,Grass,Sassy Nature,"['- Wish', '- Protect', '- Lava Plume', '- Body Slam']"
Floatzel,Choice Band,Swift Swim,252 Atk / 4 SpD / 252 Spe,,Water,Adamant Nature,"['- Wave Crash', '- Liquidation', '- Aqua Jet', '- Ice Spinner']"
Florges,Leftovers,Flower Veil,252 HP / 252 Def / 4 SpD,0 Atk,Steel,Bold Nature,"['- Wish', '- Protect', '- Calm Mind', '- Moonblast']"
Flutter Mane,Choice Specs,Protosynthesis,252 SpA / 4 SpD / 252 Spe,,Fairy,Timid Nature,"['- Shadow Ball', '- Moonblast', '- Mystical Fire', '- Psyshock']"
Flutter Mane,Life Orb,Protosynthesis,252 SpA / 4 SpD / 252 Spe,,Fairy,Timid Nature,"['- Shadow Ball', '- Moonblast', '- Calm Mind', '- Thunderbolt']"
Flutter Mane,Assault Vest,Protosynthesis,176 HP / 240 SpA / 92 Spe,,Fairy,Modest Nature,"['- Moonblast', '- Shadow Ball', '- Psyshock', '- Thunderbolt']"
Flutter Mane,Choice Scarf,Protosynthesis,252 SpA / 4 SpD / 252 Spe,,Fairy,Timid Nature,"['- Moonblast', '- Shadow Ball', '- Mystical Fire', '- Psyshock']"
Froslass,Focus Sash,Cursed Body,196 HP / 60 SpA / 252 Spe,0 Atk,Ghost,Timid Nature,"['- Spikes', '- Shadow Ball', '- Icy Wind', '- Taunt']"
Frosmoth,Heavy-Duty Boots,Ice Scales,4 Def / 252 SpA / 252 Spe,0 Atk,Ground,Timid Nature,"['- Quiver Dance', '- Ice Beam', '- Tera Blast', '- Giga Drain']"
Gallade,Choice Scarf,Sharpness,252 Atk / 4 SpD / 252 Spe,,Fighting,Jolly Nature,"['- Psycho Cut', '- Sacred Sword', '- Leaf Blade', '- Rock Slide']"
Garchomp,Rocky Helmet,Rough Skin,252 HP / 4 SpD / 252 Spe,,Ghost,Jolly Nature,"['- Stealth Rock', '- Earthquake', '- Spikes', '- Dragon Tail']"
Garchomp,Life Orb,Rough Skin,4 Atk / 252 SpA / 252 Spe,,Fire,Rash Nature,"['- Draco Meteor', '- Earthquake', '- Fire Blast', '- Stealth Rock']"
Garchomp,Leftovers,Rough Skin,252 Atk / 4 SpD / 252 Spe,,Ground,Jolly Nature,"['- Swords Dance', '- Earthquake', '- Dragon Claw', '- Substitute']"
Gardevoir,Choice Scarf,Trace,4 Def / 252 SpA / 252 Spe,0 Atk,Fairy,Timid Nature,"['- Psychic', '- Moonblast', '- Healing Wish', '- Trick']"
Gardevoir,Choice Specs,Trace,4 Def / 252 SpA / 252 Spe,0 Atk,Fairy,Timid Nature,"['- Psyshock', '- Moonblast', '- Mystical Fire', '- Shadow Ball']"
Garganacl,Leftovers,Purifying Salt,252 HP / 156 Def / 100 SpD,,Water,Impish Nature,"['- Curse', '- Salt Cure', '- Recover', '- Earthquake']"
Garganacl,Leftovers,Purifying Salt,252 HP / 140 Def / 116 SpD,,Fairy,Impish Nature,"['- Stealth Rock', '- Salt Cure', '- Protect', '- Recover']"
Garganacl,Leftovers,Purifying Salt,252 HP / 4 Def / 252 SpD,,Water,Careful Nature,"['- Iron Defense', '- Body Press', '- Salt Cure', '- Recover']"
Gastrodon,Leftovers,Storm Drain,252 HP / 4 Def / 252 SpD,,Ghost,Calm Nature,"['- Spikes', '- Sludge Bomb', '- Earth Power', '- Recover']"
Gengar,Choice Specs,Cursed Body,252 SpA / 4 SpD / 252 Spe,,Ghost,Timid Nature,"['- Shadow Ball', '- Sludge Bomb', '- Energy Ball', '- Trick']"
Gengar,Choice Scarf,Cursed Body,252 SpA / 4 SpD / 252 Spe,,Ghost,Timid Nature,"['- Shadow Ball', '- Sludge Bomb', '- Energy Ball', '- Thunderbolt']"
Gengar,Life Orb,Cursed Body,252 SpA / 4 SpD / 252 Spe,,Ghost,Timid Nature,"['- Nasty Plot', '- Shadow Ball', '- Sludge Bomb', '- Focus Blast']"
Gengar,Leftovers,Cursed Body,252 SpA / 4 SpD / 252 Spe,,Ghost,Timid Nature,"['- Will-O-Wisp', '- Hex', '- Sludge Bomb', '- Focus Blast']"
Gholdengo,Covert Cloak,Good as Gold,252 SpA / 4 SpD / 252 Spe,0 Atk,Fighting,Timid Nature,"['- Nasty Plot', '- Shadow Ball', '- Make It Rain', '- Recover']"
Gholdengo,Choice Scarf,Good as Gold,252 SpA / 4 SpD / 252 Spe,,Fighting,Timid Nature,"['- Shadow Ball', '- Make It Rain', '- Trick', '- Focus Blast']"
Gholdengo,Choice Specs,Good as Gold,252 SpA / 4 SpD / 252 Spe,,Fighting,Modest Nature,"['- Make It Rain', '- Shadow Ball', '- Focus Blast', '- Trick']"
Gholdengo,Air Balloon,Good as Gold,252 SpA / 4 SpD / 252 Spe,0 Atk,Fighting,Timid Nature,"['- Make It Rain', '- Shadow Ball', '- Nasty Plot', '- Recover']"
Gholdengo,Leftovers,Good as Gold,252 HP / 252 Def / 4 SpD,,Flying,Bold Nature,"['- Hex', '- Thunder Wave', '- Recover', '- Nasty Plot']"
Giratina,Heavy-Duty Boots,Prankster,252 HP / 252 Def / 252 SpA / 252 SpD / 252 Spe,0 Atk,Fairy,Bold Nature,"['- Haze', '- Recover', '- Entrainment', '- Parting Shot']"
Giratina,Heavy-Duty Boots,Prankster,252 HP / 252 Def / 252 SpA / 252 SpD / 252 Spe,0 Atk,Fairy,Bold Nature,"['- Haze', '- Recover', '- Entrainment', '- Parting Shot']"
Giratina,Heavy-Duty Boots,Prankster,252 HP / 252 Def / 252 SpA / 252 SpD / 252 Spe,0 Atk,Fairy,Bold Nature,"['- Haze', '- Recover', '- Entrainment', '- Parting Shot']"
Giratina,Heavy-Duty Boots,Prankster,252 HP / 252 Def / 252 SpA / 252 SpD / 252 Spe,0 Atk,Fairy,Bold Nature,"['- Haze', '- Recover', '- Entrainment', '- Parting Shot']"
Glalie,Heavy-Duty Boots,Inner Focus,252 Atk / 4 SpD / 252 Spe,,Ground,Jolly Nature,"['- Spikes', '- Ice Spinner', '- Ice Shard', '- Earthquake']"
Glalie,Heavy-Duty Boots,Inner Focus,252 Atk / 4 SpD / 252 Spe,,Ground,Jolly Nature,"['- Spikes', '- Ice Spinner', '- Ice Shard', '- Earthquake']"
Glimmora,Choice Scarf,Toxic Debris,4 Def / 252 SpA / 252 Spe,,Ground,Timid Nature,"['- Earth Power', '- Sludge Wave', '- Power Gem', '- Spikes']"
Gogoat,Heavy-Duty Boots,Sap Sipper,252 HP / 4 Def / 252 SpD,,Water,Careful Nature,"['- Bulk Up', '- Horn Leech', '- Rock Slide', '- Milk Drink']"
Gogoat,Choice Band,Sap Sipper,252 Atk / 4 Def / 252 Spe,,Rock,Adamant Nature,"['- Horn Leech', '- Rock Slide', '- Earthquake', '- Tera Blast']"
Gogoat,Assault Vest,Sap Sipper,96 HP / 252 Atk / 160 Spe,,Water,Adamant Nature,"['- Horn Leech', '- Rock Slide', '- Earthquake', '- Trailblaze']"
Golduck,Mystic Water,Swift Swim,252 SpA / 4 SpD / 252 Spe,0 Atk,Water,Modest Nature,"['- Nasty Plot', '- Surf', '- Ice Beam', '- Rain Dance']"
Golduck,Choice Scarf,Cloud Nine,252 SpA / 4 SpD / 252 Spe,0 Atk,Water,Timid Nature,"['- Hydro Pump', '- Ice Beam', '- Surf', '- Focus Blast']"
Golduck,Choice Scarf,Cloud Nine,252 SpA / 4 SpD / 252 Spe,0 Atk,Water,Timid Nature,"['- Hydro Pump', '- Ice Beam', '- Surf', '- Focus Blast']"
Grafaiai,Heavy-Duty Boots,Prankster,252 Atk / 4 SpD / 252 Spe,,Poison,Jolly Nature,"['- Gunk Shot', '- Knock Off', '- Parting Shot', '- Encore']"
Grafaiai,Heavy-Duty Boots,Prankster,252 HP / 4 Def / 252 SpD,,Poison,Careful Nature,"['- Gunk Shot', '- Knock Off', '- Parting Shot', '- Encore']"
Grafaiai,Heavy-Duty Boots,Poison Touch,252 Atk / 4 SpD / 252 Spe,,Poison,Jolly Nature,"['- Gunk Shot', '- Knock Off', '- U-turn', '- Low Kick']"
Great Tusk,Heavy-Duty Boots,Protosynthesis,252 Atk / 4 Def / 252 Spe,,Fighting,Jolly Nature,"['- Headlong Rush', '- Close Combat', '- Knock Off', '- Rapid Spin']"
Great Tusk,Leftovers,Protosynthesis,252 HP / 252 Def / 4 SpD,,Fighting,Impish Nature,"['- Earthquake', '- Stealth Rock', '- Knock Off', '- Rapid Spin']"
Great Tusk,Choice Band,Protosynthesis,252 Atk / 4 SpD / 252 Spe,,Fighting,Jolly Nature,"['- Headlong Rush', '- Close Combat', '- Knock Off', '- Ice Spinner']"
Great Tusk,Leftovers,Protosynthesis,252 HP / 204 Def / 52 Spe,,Steel,Impish Nature,"['- Bulk Up', '- Earthquake', '- Knock Off', '- Rapid Spin']"
Greninja,Heavy-Duty Boots,Protean,252 SpA / 4 SpD / 252 Spe,,Water,Timid Nature,"['- Hydro Pump', '- Ice Beam', '- Grass Knot', '- U-turn']"
Greninja,Focus Sash,Torrent,4 HP / 252 SpA / 252 Spe,0 Atk,Water,Timid Nature,"['- Toxic Spikes', '- Water Shuriken', '- Ice Beam', '- Taunt']"
Grimmsnarl,Light Clay,Prankster,248 HP / 8 Def / 252 SpD,,Steel,Careful Nature,"['- Reflect', '- Light Screen', '- Taunt', '- Spirit Break']"
Groudon,Earth Plate,Fur Coat,252 HP / 252 Atk / 252 Def / 252 SpD / 252 Spe,,Ground,Adamant Nature,"['- Victory Dance', '- Precipice Blades', '- Toxic', '- Strength Sap']"
Gumshoos,Choice Band,Stakeout,252 Atk / 4 Def / 252 Spe,,Normal,Adamant Nature,"['- Body Slam', '- Earthquake', '- Crunch', '- U-turn']"
Gyarados,Leftovers,Intimidate,252 Atk / 4 SpD / 252 Spe,,Flying,Adamant Nature,"['- Dragon Dance', '- Waterfall', '- Tera Blast', '- Taunt']"
Hariyama,Assault Vest,Thick Fat,252 Atk / 252 SpD / 4 Spe,,Steel,Adamant Nature,"['- Bullet Punch', '- Fake Out', '- Close Combat', '- Headlong Rush']"
Hariyama,Flame Orb,Guts,252 Atk / 252 SpD / 4 Spe,,Steel,Adamant Nature,"['- Bullet Punch', '- Fake Out', '- Close Combat', '- Earthquake']"
Hatterene,Leftovers,Magic Bounce,252 HP / 204 Def / 52 Spe,,Water,Bold Nature,"['- Calm Mind', '- Draining Kiss', '- Psyshock', '- Mystical Fire']"
Hatterene,Eject Button,Magic Bounce,248 HP / 116 Def / 144 Spe,,Steel,Bold Nature,"['- Healing Wish', '- Psychic', '- Dazzling Gleam', '- Nuzzle']"
Hawlucha,Choice Scarf,Limber,252 Atk / 4 SpD / 252 Spe,,Fighting,Jolly Nature,"['- Close Combat', '- Brave Bird', '- U-turn', '- Defog']"
Hawlucha,Psychic Seed,Unburden,252 Atk / 4 SpD / 252 Spe,,Steel,Adamant Nature,"['- Swords Dance', '- Close Combat', '- Acrobatics', '- Taunt']"
Haxorus,Lum Berry,Mold Breaker,252 Atk / 4 SpD / 252 Spe,,Steel,Jolly Nature,"['- Dragon Dance', '- Dragon Claw', '- Earthquake', '- X-Scissor']"
Heatran,Leftovers,Flash Fire,252 HP / 196 SpD / 60 Spe,,Grass,Calm Nature,"['- Magma Storm', '- Earth Power', '- Taunt', '- Stealth Rock']"
Heatran,Leftovers,Flash Fire,252 SpA / 4 SpD / 252 Spe,,Grass,Timid Nature,"['- Magma Storm', '- Earth Power', '- Taunt', '- Toxic']"
Heracross,Flame Orb,Guts,4 HP / 252 Atk / 252 Spe,,Normal,Jolly Nature,"['- Megahorn', '- Close Combat', '- Facade', '- Trailblaze']"
Hippowdon,Leftovers,Sand Stream,252 HP / 76 Def / 180 SpD,,Dragon,Impish Nature,"['- Stealth Rock', '- Earthquake', '- Slack Off', '- Stone Edge']"
Honchkrow,Heavy-Duty Boots,Moxie,252 Atk / 4 Def / 252 Spe,,Dark,Jolly Nature,"['- Brave Bird', '- Sucker Punch', '- Night Slash', '- U-turn']"
Honchkrow,Heavy-Duty Boots,Super Luck,4 Def / 252 SpA / 252 Spe,,Flying,Timid Nature,"['- Dark Pulse', '- Hurricane', '- Heat Wave', '- Nasty Plot']"
Houndoom,Heavy-Duty Boots,Flash Fire,252 SpA / 4 SpD / 252 Spe,,Poison,Timid Nature,"['- Nasty Plot', '- Dark Pulse', '- Fire Blast', '- Sludge Bomb']"
Houndoom,Choice Scarf,Flash Fire,252 SpA / 4 SpD / 252 Spe,,Fighting,Timid Nature,"['- Dark Pulse', '- Fire Blast', '- Overheat', '- Tera Blast']"
Houndstone,Choice Band,Sand Rush,252 Atk / 4 SpD / 252 Spe,,Ghost,Adamant Nature,"['- Last Respects', '- Shadow Sneak', '- Body Press', '- Trick']"
Houndstone,Leftovers,Fluffy,252 HP / 252 Def / 4 SpD,,Water,Impish Nature,"['- Will-O-Wisp', '- Last Respects', '- Body Press', '- Rest']"
Hydreigon,Leftovers,Levitate,252 SpA / 4 SpD / 252 Spe,0 Atk,Steel,Timid Nature,"['- Nasty Plot', '- Substitute', '- Dark Pulse', '- Earth Power']"
Hypno,Leftovers,Insomnia,4 Def / 252 SpA / 252 Spe,0 Atk,Fairy,Timid Nature,"['- Substitute', '- Nasty Plot', '- Psychic', '- Draining Kiss']"
Indeedee,Terrain Extender,Psychic Surge,252 SpA / 4 SpD / 252 Spe,0 Atk,Fairy,Timid Nature,"['- Psychic', '- Dazzling Gleam', '- Encore', '- Healing Wish']"
Indeedee-F,Choice Scarf,Psychic Surge,252 SpA / 4 SpD / 252 Spe,0 Atk,Psychic,Timid Nature,"['- Trick', '- Psyshock', '- Hyper Voice', '- Healing Wish']"
Indeedee-F,Heavy-Duty Boots,Psychic Surge,252 SpA / 4 SpD / 252 Spe,0 Atk,Psychic,Timid Nature,"['- Calm Mind', '- Psyshock', '- Tera Blast', '- Draining Kiss']"
Iron Bundle,Heavy-Duty Boots,Quark Drive,252 SpA / 4 SpD / 252 Spe,,Ice,Timid Nature,"['- Freeze-Dry', '- Hydro Pump', '- Ice Beam', '- Taunt']"
Iron Bundle,Heavy-Duty Boots,Quark Drive,252 SpA / 4 SpD / 252 Spe,,Ice,Timid Nature,"['- Freeze-Dry', '- Hydro Pump', '- Ice Beam', '- Taunt']"
Iron Hands,Leftovers,Quark Drive,112 HP / 252 Atk / 144 Spe,,Flying,Adamant Nature,"['- Swords Dance', '- Drain Punch', '- Thunder Punch', '- Earthquake']"
Iron Hands,Assault Vest,Quark Drive,112 HP / 252 Atk / 144 Spe,,Water,Adamant Nature,"['- Close Combat', '- Wild Charge', '- Earthquake', '- Drain Punch']"
Iron Jugulis,Booster Energy,Quark Drive,252 SpA / 4 SpD / 252 Spe,,Ground,Timid Nature,"['- Dark Pulse', '- Hurricane', '- Earth Power', '- Taunt']"
Iron Jugulis,Heavy-Duty Boots,Quark Drive,252 SpA / 4 SpD / 252 Spe,,Ground,Timid Nature,"['- Dark Pulse', '- Hurricane', '- Earth Power', '- U-turn']"
Iron Jugulis,Choice Specs,Quark Drive,252 SpA / 4 SpD / 252 Spe,,Flying,Timid Nature,"['- Dark Pulse', '- Hurricane', '- Earth Power', '- U-turn']"
Iron Leaves,Life Orb,Quark Drive,252 Atk / 4 SpD / 252 Spe,,Electric,Jolly Nature,"['- Swords Dance', '- Leaf Blade', '- Psyblade', '- Wild Charge']"
Iron Moth,Booster Energy,Quark Drive,124 Def / 132 SpA / 252 Spe,,Fairy,Timid Nature,"['- Fiery Dance', '- Energy Ball', '- Dazzling Gleam', '- Psychic']"
Iron Moth,Heavy-Duty Boots,Quark Drive,252 SpA / 4 SpD / 252 Spe,,Fairy,Timid Nature,"['- Toxic Spikes', '- Sludge Wave', '- Flamethrower', '- Morning Sun']"
Iron Thorns,Booster Energy,Quark Drive,252 Atk / 4 SpD / 252 Spe,,Electric,Jolly Nature,"['- Dragon Dance', '- Ice Punch', '- Wild Charge', '- Rock Blast']"
Iron Treads,Booster Energy,Quark Drive,252 Atk / 4 SpD / 252 Spe,,Ground,Jolly Nature,"['- Earthquake', '- Iron Head', '- Knock Off', '- Rapid Spin']"
Iron Treads,Leftovers,Quark Drive,252 HP / 4 SpD / 252 Spe,,Flying,Jolly Nature,"['- Stealth Rock', '- Earthquake', '- Rapid Spin', '- Volt Switch']"
Iron Valiant,Choice Specs,Quark Drive,4 Def / 252 SpA / 252 Spe,,Fairy,Timid Nature,"['- Moonblast', '- Psyshock', '- Shadow Ball', '- Thunderbolt']"
Iron Valiant,Booster Energy,Quark Drive,4 Atk / 252 SpA / 252 Spe,,Fairy,Naive Nature,"['- Moonblast', '- Close Combat', '- Thunderbolt', '- Psyshock']"
Iron Valiant,Booster Energy,Quark Drive,4 HP / 252 SpA / 252 Spe,,Fairy,Timid Nature,"['- Calm Mind', '- Moonblast', '- Thunderbolt', '- Psyshock']"
Iron Valiant,Booster Energy,Quark Drive,252 Atk / 4 SpD / 252 Spe,,Water,Jolly Nature,"['- Swords Dance', '- Close Combat', '- Liquidation', '- Knock Off']"
Iron Valiant,Choice Scarf,Quark Drive,4 Atk / 252 SpA / 252 Spe,,Fairy,Naive Nature,"['- Moonblast', '- Close Combat', '- Knock Off', '- Trick']"
Jolteon,Heavy-Duty Boots,Volt Absorb,252 SpA / 4 SpD / 252 Spe,,Ice,Timid Nature,"['- Thunderbolt', '- Tera Blast', '- Volt Switch', '- Calm Mind']"
,,Infiltrator,252 Atk / 4 Def / 252 Spe,,Flying,Jolly Nature,"['- Strength Sap', '- Acrobatics', '- Sleep Powder', '- U-turn']"
,,Infiltrator,252 Atk / 4 Def / 252 Spe,,Flying,Jolly Nature,"['- Swords Dance', '- Strength Sap', '- Acrobatics', '- Tera Blast']"
Kingambit,Lum Berry,Supreme Overlord,252 Atk / 4 Def / 252 Spe,,Dark,Adamant Nature,"['- Sucker Punch', '- Kowtow Cleave', '- Swords Dance', '- Iron Head']"
Kingambit,Leftovers,Supreme Overlord,236 HP / 252 Atk / 20 Spe,,Fairy,Adamant Nature,"['- Swords Dance', '- Kowtow Cleave', '- Sucker Punch', '- Iron Head']"
Kingambit,Heavy-Duty Boots,Supreme Overlord,112 HP / 252 Atk / 144 Spe,,Flying,Adamant Nature,"['- Swords Dance', '- Iron Head', '- Kowtow Cleave', '- Sucker Punch']"
Klefki,Light Clay,Prankster,252 HP / 252 Def / 4 SpD,,Dark,Relaxed Nature,"['- Spikes', '- Light Screen', '- Reflect', '- Trick Room']"
Komala,Leftovers,Comatose,252 HP / 232 SpD / 24 Spe,,Ghost,Careful Nature,"['- Rapid Spin', '- Wish', '- Shadow Claw', '- Bulk Up']"
Koraidon,Leftovers,Orichalcum Pulse,252 Atk / 4 Def / 252 Spe,,Fire,Jolly Nature,"['- Swords Dance', '- Flame Charge', '- Dragon Claw', '- Collision Course']"
Koraidon,Choice Scarf,Orichalcum Pulse,252 Atk / 4 Def / 252 Spe,,Fire,Jolly Nature,"['- Collision Course', '- Dragon Claw', '- U-turn', '- Flare Blitz']"
Koraidon,Life Orb,Orichalcum Pulse,252 Atk / 4 Def / 252 Spe,,Fire,Jolly Nature,"['- Swords Dance', '- Close Combat', '- Flare Blitz', '- Stomping Tantrum']"
Koraidon,Leftovers,Orichalcum Pulse,160 HP / 252 Atk / 4 Def / 92 Spe,,Ghost,Adamant Nature,"['- Agility', '- Bulk Up', '- Tera Blast', '- Drain Punch']"
Koraidon,Choice Band,Orichalcum Pulse,252 Atk / 4 Def / 252 Spe,,Fire,Jolly Nature,"['- Close Combat', '- U-turn', '- Flare Blitz', '- Dragon Claw']"
Koraidon,Leftovers,Orichalcum Pulse,48 HP / 252 Atk / 36 Def / 172 Spe,,Fire,Adamant Nature,"['- Taunt', '- Drain Punch', '- Flame Charge', '- Swords Dance']"
Kricketune,Focus Sash,Technician,252 Atk / 4 Def / 252 Spe,,Ghost,Jolly Nature,"['- Sticky Web', '- Pounce', '- Taunt', '- Protect']"
Krookodile,Choice Band,Intimidate,252 Atk / 4 SpD / 252 Spe,,Dark,Jolly Nature,"['- Earthquake', '- Crunch', '- Close Combat', '- Stone Edge']"
Krookodile,Choice Scarf,Moxie,252 Atk / 4 SpD / 252 Spe,,Dark,Jolly Nature,"['- Earthquake', '- Crunch', '- Close Combat', '- Stone Edge']"
Krookodile,Soft Sand,Intimidate,252 Atk / 4 SpD / 252 Spe,,Ground,Jolly Nature,"['- Stealth Rock', '- Earthquake', '- Crunch', '- Taunt']"
Krookodile,Leftovers,Moxie,252 Atk / 4 SpD / 252 Spe,,Water,Jolly Nature,"['- Bulk Up', '- Earthquake', '- Crunch', '- Aqua Tail']"
Kyogre,Blue Orb,Drizzle,4 Def / 252 SpA / 252 Spe,,Water,Modest Nature,"['- Origin Pulse', '- Ice Beam', '- Water Spout', '- Calm Mind']"
Kyogre,Blue Orb,Drizzle,248 HP / 252 Def / 8 SpD,,Grass,Bold Nature,"['- Calm Mind', '- Scald', '- Ice Beam', '- Rest']"
Leafeon,Heavy-Duty Boots,Chlorophyll,252 HP / 4 Atk / 252 Def,,Water,Impish Nature,"['- Wish', '- Protect', '- Leaf Blade', '- X-Scissor']"
Lilligant,Heavy-Duty Boots,Chlorophyll,252 SpA / 4 SpD / 252 Spe,0 Atk,Fire,Timid Nature,"['- Quiver Dance', '- Giga Drain', '- Tera Blast', '- Sleep Powder']"
Lokix,Choice Band,Tinted Lens,252 Atk / 4 SpD / 252 Spe,,Bug,Jolly Nature,"['- First Impression', '- U-turn', '- Leech Life', '- Axe Kick']"
Lucario,Life Orb,Inner Focus,252 Atk / 4 SpD / 252 Spe,,Normal,Jolly Nature,"['- Swords Dance', '- Close Combat', '- Extreme Speed', '- Bullet Punch']"
Lumineon,Heavy-Duty Boots,Storm Drain,252 HP / 4 Def / 252 SpD,,Grass,Calm Nature,"['- Surf', '- Ice Beam', '- U-turn', '- Encore']"
Lurantis,Heavy-Duty Boots,Contrary,252 HP / 208 Def / 48 Spe,,Electric,Bold Nature,"['- Leaf Storm', '- Defog', '- Tera Blast', '- Synthesis']"
Luxray,Flame Orb,Guts,252 Atk / 4 SpD / 252 Spe,,Normal,Jolly Nature,"['- Facade', '- Trailblaze', '- Crunch', '- Wild Charge']"
Lycanroc-Dusk,Choice Band,Tough Claws,252 Atk / 4 SpD / 252 Spe,,Fighting,Jolly Nature,"['- Stone Edge', '- Close Combat', '- Accelerock', '- Crunch']"
Lycanroc-Midnight,Choice Scarf,No Guard,252 Atk / 4 Def / 252 Spe,,Rock,Jolly Nature,"['- Stone Edge', '- Close Combat', '- Play Rough', '- Stealth Rock']"
Mabosstiff,Choice Scarf,Stakeout,252 Atk / 4 SpD / 252 Spe,,Dark,Jolly Nature,"['- Crunch', '- Play Rough', '- Psychic Fangs', '- Destiny Bond']"
Mabosstiff,Choice Band,Stakeout,252 Atk / 4 SpD / 252 Spe,,Dark,Jolly Nature,"['- Crunch', '- Play Rough', '- Psychic Fangs', '- Retaliate']"
Magnezone,Assault Vest,Magnet Pull,172 HP / 252 SpA / 84 Spe,,Grass,Modest Nature,"['- Thunderbolt', '- Volt Switch', '- Flash Cannon', '- Tera Blast']"
Mareanie,Eviolite,Regenerator,116 HP / 180 Def / 12 SpA / 180 SpD,,Water,Bold Nature,"['- Surf', '- Sludge Bomb', '- Recover', '- Toxic Spikes']"
Masquerain,Heavy-Duty Boots,Intimidate,252 SpA / 4 SpD / 252 Spe,0 Atk,Water,Timid Nature,"['- Quiver Dance', '- Hurricane', '- Hydro Pump', '- Ice Beam']"
Masquerain,Focus Sash,Intimidate,252 SpA / 4 SpD / 252 Spe,,Ghost,Timid Nature,"['- Sticky Web', '- Hurricane', '- Hydro Pump', '- U-turn']"
Maushold,Wide Lens,Technician,252 Atk / 4 SpD / 252 Spe,,Fire,Jolly Nature,"['- Population Bomb', '- Tera Blast', '- Tidy Up', '- Low Kick']"
Medicham,Choice Scarf,Pure Power,252 Atk / 4 Def / 252 Spe,,Fighting,Jolly Nature,"['- Close Combat', '- Zen Headbutt', '- Thunder Punch', '- Trick']"
Medicham,Life Orb,Pure Power,252 Atk / 4 Def / 252 Spe,,Fighting,Jolly Nature,"['- Close Combat', '- Zen Headbutt', '- Trailblaze', '- Ice Punch']"
Meloetta,Assault Vest,Regenerator,252 HP / 252 Def / 252 SpD,0 Atk / 0 Spe,Fairy,Sassy Nature,"['- U-turn', '- Nuzzle', '- Stone Axe', '- Dragon Tail']"
Meowscarada,Focus Sash,Overgrow,4 Atk / 252 SpA / 252 Spe,,Ghost,Naive Nature,"['- Spikes', '- Taunt', '- Knock Off', '- Leaf Storm']"
Meowscarada,Heavy-Duty Boots,Protean,252 Atk / 4 SpD / 252 Spe,,Dark,Jolly Nature,"['- Knock Off', '- Sucker Punch', '- U-turn', '- Flower Trick']"
Meowscarada,Choice Band,Protean,252 Atk / 4 SpD / 252 Spe,,Dark,Jolly Nature,"['- Knock Off', '- Flower Trick', '- U-turn', '- Sucker Punch']"
Meowscarada,Choice Scarf,Protean,252 Atk / 4 SpD / 252 Spe,,Grass,Jolly Nature,"['- Flower Trick', '- Knock Off', '- U-turn', '- Play Rough']"
Mew,Covert Cloak,Synchronize,252 HP / 24 Def / 232 Spe,,Poison,Timid Nature,"['- Stored Power', '- Body Press', '- Cosmic Power', '- Roost']"
Mimikyu,Life Orb,Disguise,252 Atk / 4 SpD / 252 Spe,,Fire,Jolly Nature,"['- Swords Dance', '- Shadow Claw', '- Play Rough', '- Shadow Sneak']"
Miraidon,Choice Specs,Hadron Engine,252 SpA / 4 SpD / 252 Spe,,Dragon,Timid Nature,"['- Electro Drift', '- Draco Meteor', '- Overheat', '- U-turn']"
Miraidon,Leftovers,Hadron Engine,248 HP / 252 SpA / 8 Spe,,Fairy,Modest Nature,"['- Calm Mind', '- Agility', '- Parabolic Charge', '- Dazzling Gleam']"
Miraidon,Heavy-Duty Boots,Hadron Engine,252 SpA / 4 SpD / 252 Spe,,Water,Timid Nature,"['- Electro Drift', '- U-turn', '- Draco Meteor', '- Tera Blast']"
Miraidon,Life Orb,Hadron Engine,252 SpA / 4 SpD / 252 Spe,,Dragon,Timid Nature,"['- Electro Drift', '- Draco Meteor', '- Calm Mind', '- Overheat']"
Miraidon,Choice Scarf,Hadron Engine,252 SpA / 4 SpD / 252 Spe,,Fairy,Timid Nature,"['- Electro Drift', '- Draco Meteor', '- Overheat', '- U-turn']"
Miraidon,Assault Vest,Hadron Engine,8 HP / 252 SpA / 156 SpD / 92 Spe,,Fairy,Modest Nature,"['- Parabolic Charge', '- Electro Drift', '- Draco Meteor', '- U-turn']"
Mismagius,Leftovers,Levitate,4 Def / 252 SpA / 252 Spe,0 Atk,Fairy,Timid Nature,"['- Nasty Plot', '- Shadow Ball', '- Draining Kiss', '- Taunt']"
Moltres,Covert Cloak,Fur Coat,252 HP / 252 Def / 252 SpA / 252 SpD / 252 Spe,0 Atk,Steel,Bold Nature,"['- Recover', '- Nuzzle', '- Torch Song', '- U-turn']"
Mudsdale,Leftovers,Stamina,252 HP / 252 Def / 4 SpD,,Steel,Impish Nature,"['- Stealth Rock', '- Earthquake', '- Heavy Slam', '- Roar']"
Muk,Leftovers,Poison Touch,252 HP / 4 Def / 252 SpD,,Dark,Careful Nature,"['- Poison Jab', '- Drain Punch', '- Haze', '- Toxic Spikes']"
Muk,Leftovers,Poison Touch,252 HP / 4 Atk / 252 SpD,,Water,Careful Nature,"['- Curse', '- Poison Jab', '- Drain Punch', '- Shadow Sneak']"
Noivern,Heavy-Duty Boots,Frisk,252 SpA / 4 SpD / 252 Spe,,Water,Timid Nature,"['- Draco Meteor', '- Flamethrower', '- U-turn', '- Roost']"
Oinkologne-F,Apicot Berry,Thick Fat,252 HP / 4 Def / 252 SpD,0 Atk,Ghost,Careful Nature,"['- Body Press', '- Stuff Cheeks', '- Stockpile', '- Rest']"
Oranguru,Leftovers,Inner Focus,252 HP / 4 Def / 252 SpD,0 Atk,Fairy,Calm Nature,"['- Protect', '- Future Sight', '- Foul Play', '- Encore']"
Oranguru,Leftovers,Inner Focus,252 HP / 252 SpA / 4 Spe,0 Atk,Fairy,Modest Nature,"['- Nasty Plot', '- Psyshock', '- Tera Blast', '- Focus Blast']"
Oricorio,Heavy-Duty Boots,Dancer,248 HP / 8 Def / 252 Spe,,Grass,Timid Nature,"['- Quiver Dance', '- Revelation Dance', '- Hurricane', '- Roost']"
Oricorio-Pom-Pom,Heavy-Duty Boots,Dancer,244 HP / 212 Def / 52 Spe,,Water,Timid Nature,"['- Quiver Dance', '- Revelation Dance', '- Hurricane', '- Roost']"
Oricorio-Sensu,Heavy-Duty Boots,Dancer,244 HP / 212 Def / 52 Spe,,Fighting,Timid Nature,"['- Quiver Dance', '- Revelation Dance', '- Hurricane', '- Roost']"
Orthworm,Sitrus Berry,Earth Eater,248 HP / 252 Def / 8 SpD,,Water,Impish Nature,"['- Shed Tail', '- Stealth Rock', '- Body Press', '- Iron Head']"
Palafin,Choice Band,Zero to Hero,252 Atk / 4 Def / 252 Spe,,Water,Adamant Nature,"['- Jet Punch', '- Flip Turn', '- Wave Crash', '- Zen Headbutt']"
Palafin,Leftovers,Zero to Hero,248 HP / 8 Atk / 252 SpD,,Fairy,Careful Nature,"['- Jet Punch', '- Bulk Up', '- Drain Punch', '- Taunt']"
Palossand,Leftovers,Water Compaction,252 HP / 252 Def / 4 SpD,0 Atk,Water,Bold Nature,"['- Stealth Rock', '- Earth Power', '- Shadow Ball', '- Shore Up']"
Pawmot,Life Orb,Natural Cure,252 Atk / 4 Def / 252 Spe,,Electric,Jolly Nature,"['- Double Shock', '- Close Combat', '- Seed Bomb', '- Rest']"
Pawmot,Choice Scarf,Natural Cure,252 Atk / 4 SpD / 252 Spe,,Electric,Jolly Nature,"['- Double Shock', '- Close Combat', '- Ice Punch', '- Revival Blessing']"
Pelipper,Damp Rock,Drizzle,248 HP / 252 Def / 8 SpD,0 Spe,Water,Relaxed Nature,"['- Hurricane', '- Surf', '- U-turn', '- Roost']"
Pelipper,Choice Specs,Drizzle,252 SpA / 4 SpD / 252 Spe,,Water,Modest Nature,"['- Hurricane', '- Surf', '- U-turn', '- Hydro Pump']"
Perrserker,Leftovers,Tough Claws,252 HP / 4 Atk / 252 Def,,Water,Adamant Nature,"['- Stealth Rock', '- Iron Head', '- Close Combat', '- U-turn']"
Perrserker,Choice Band,Tough Claws,252 Atk / 4 Def / 252 Spe,,Ground,Adamant Nature,"['- Iron Head', '- Close Combat', '- U-turn', '- Tera Blast']"
Persian,Heavy-Duty Boots,Technician,252 Atk / 4 SpD / 252 Spe,,Normal,Jolly Nature,"['- Fake Out', '- Covet', '- U-turn', '- Assurance']"
Pikachu,Light Ball,Lightning Rod,100 Atk / 192 SpA / 216 Spe,,,Hasty Nature,"['- Volt Tackle', '- Play Rough', '- Volt Switch', '- Grass Knot']"
Pikachu,Light Ball,Lightning Rod,252 SpA / 4 SpD / 252 Spe,,,Naive Nature,"['- Thunderbolt', '- Surf', '- Volt Switch', '- Fake Out']"
Polteageist,Focus Sash,Weak Armor,252 SpA / 4 SpD / 252 Spe,,Fighting,Modest Nature,"['- Shell Smash', '- Shadow Ball', '- Stored Power', '- Tera Blast']"
Pyroar,Heavy-Duty Boots,Unnerve,252 SpA / 4 SpD / 252 Spe,0 Atk,Fighting,Timid Nature,"['- Fire Blast', '- Tera Blast', '- Will-O-Wisp', '- Taunt']"
Pyroar,Choice Scarf,Unnerve,252 SpA / 4 SpD / 252 Spe,0 Atk,Fighting,Timid Nature,"['- Fire Blast', '- Hyper Voice', '- Tera Blast', '- Dark Pulse']"
Quagsire,Leftovers,Unaware,252 HP / 252 Def / 4 SpD,,Poison,Impish Nature,"['- Toxic', '- Earthquake', '- Recover', '- Spikes']"
Quaquaval,Leftovers,Moxie,252 Atk / 4 SpD / 252 Spe,,Steel,Jolly Nature,"['- Swords Dance', '- Aqua Step', '- Close Combat', '- Ice Spinner']"
Quaquaval,Psychic Seed,Moxie,252 HP / 28 Atk / 228 Spe,,Flying,Adamant Nature,"['- Bulk Up', '- Aqua Step', '- Acrobatics', '- Roost']"
Quaquaval,Choice Scarf,Moxie,252 Atk / 4 SpD / 252 Spe,,Water,Jolly Nature,"['- Aqua Step', '- Ice Spinner', '- Close Combat', '- U-turn']"
Qwilfish,Rocky Helmet,Poison Point,252 HP / 252 Def / 4 SpD,,Ground,Impish Nature,"['- Spikes', '- Toxic', '- Waterfall', '- Taunt']"
Rabsca,Life Orb,Synchronize,252 HP / 4 Def / 252 SpA,0 Atk / 0 Spe,Ground,Quiet Nature,"['- Trick Room', '- Psyshock', '- Earth Power', '- Bug Buzz']"
Rabsca,Heavy-Duty Boots,Synchronize,252 HP / 212 Def / 44 Spe,0 Atk,Ground,Modest Nature,"['- Calm Mind', '- Earth Power', '- Psyshock', '- Recover']"
Rabsca,Leppa Berry,Synchronize,252 HP / 252 Def / 4 SpD,0 Atk / 0 Spe,Psychic,Relaxed Nature,"['- Trick Room', '- Revival Blessing', '- Psychic', '- Memento']"
Raichu,Heavy-Duty Boots,Lightning Rod,252 SpA / 4 SpD / 252 Spe,0 Atk,Ground,Timid Nature,"['- Nasty Plot', '- Thunderbolt', '- Surf', '- Tera Blast']"
Raichu,Choice Specs,Lightning Rod,252 SpA / 4 SpD / 252 Spe,0 Atk,Ground,Timid Nature,"['- Thunderbolt', '- Volt Switch', '- Surf', '- Tera Blast']"
Rayquaza,Covert Cloak,Aerilate,252 HP / 252 Atk / 252 Def / 252 SpA / 252 SpD / 252 Spe,,Flying,Rash Nature,"['- Strength Sap', '- Boomburst', '- Rapid Spin', '- Extreme Speed']"
Revavroom,Leftovers,Filter,252 HP / 4 Def / 252 SpD,,Flying,Careful Nature,"['- Spin Out', '- Parting Shot', '- Haze', '- Toxic']"
Revavroom,Life Orb,Filter,252 Atk / 4 SpD / 252 Spe,,Ground,Adamant Nature,"['- Shift Gear', '- Iron Head', '- Gunk Shot', '- Tera Blast']"
Revavroom,Choice Scarf,Filter,252 Atk / 4 SpD / 252 Spe,,Steel,Jolly Nature,"['- Gunk Shot', '- Iron Head', '- Parting Shot', '- Toxic Spikes']"
Rillaboom,Choice Band,Grassy Surge,252 Atk / 4 SpD / 252 Spe,,Grass,Adamant Nature,"['- Grassy Glide', '- Wood Hammer', '- Knock Off', '- U-turn']"
Rillaboom,Leftovers,Grassy Surge,240 HP / 252 Atk / 16 Spe,,Grass,Adamant Nature,"['- Grassy Glide', '- Knock Off', '- Superpower', '- Swords Dance']"
Roaring Moon,Booster Energy,Protosynthesis,252 Atk / 4 SpD / 252 Spe,,Flying,Jolly Nature,"['- Dragon Dance', '- Crunch', '- Earthquake', '- Acrobatics']"
Roaring Moon,Choice Band,Protosynthesis,252 Atk / 4 SpD / 252 Spe,,Dark,Adamant Nature,"['- Crunch', '- Dragon Claw', '- Earthquake', '- U-turn']"
Rotom,Choice Scarf,Levitate,4 Def / 252 SpA / 252 Spe,,Electric,Timid Nature,"['- Thunderbolt', '- Shadow Ball', '- Volt Switch', '- Trick']"
Rotom,Leftovers,Levitate,4 Def / 252 SpA / 252 Spe,,Ghost,Timid Nature,"['- Nasty Plot', '- Volt Switch', '- Shadow Ball', '- Will-O-Wisp']"
Rotom,Leftovers,Levitate,248 HP / 8 SpA / 252 Spe,,Electric,Timid Nature,"['- Volt Switch', '- Hex', '- Will-O-Wisp', '- Protect']"
Rotom-Fan,Heavy-Duty Boots,Levitate,252 SpA / 4 SpD / 252 Spe,0 Atk,Electric,Timid Nature,"['- Will-O-Wisp', '- Air Slash', '- Discharge', '- Volt Switch']"
Rotom-Fan,Choice Scarf,Levitate,252 SpA / 4 SpD / 252 Spe,0 Atk,Electric,Timid Nature,"['- Trick', '- Air Slash', '- Discharge', '- Volt Switch']"
Rotom-Frost,Choice Scarf,Levitate,252 SpA / 4 SpD / 252 Spe,,Ghost,Timid Nature,"['- Blizzard', '- Volt Switch', '- Trick', '- Will-O-Wisp']"
Rotom-Frost,Leftovers,Levitate,252 SpA / 4 SpD / 252 Spe,,Ghost,Timid Nature,"['- Nasty Plot', '- Blizzard', '- Thunderbolt', '- Substitute']"
Rotom-Heat,Heavy-Duty Boots,Levitate,248 HP / 8 SpA / 252 Spe,0 Atk,Steel,Timid Nature,"['- Nasty Plot', '- Overheat', '- Volt Switch', '- Will-O-Wisp']"
Rotom-Mow,Choice Scarf,Levitate,4 HP / 252 SpA / 252 Spe,0 Atk,Electric,Timid Nature,"['- Leaf Storm', '- Volt Switch', '- Thunderbolt', '- Trick']"
Rotom-Mow,Leftovers,Levitate,4 HP / 252 SpA / 252 Spe,0 Atk,Electric,Timid Nature,"['- Nasty Plot', '- Leaf Storm', '- Discharge', '- Protect']"
Rotom-Wash,Leftovers,Levitate,252 HP / 244 Def / 12 Spe,,Steel,Bold Nature,"['- Volt Switch', '- Hydro Pump', '- Protect', '- Thunder Wave']"
Rotom-Wash,Leftovers,Levitate,252 HP / 244 SpD / 12 Spe,,Fairy,Calm Nature,"['- Hydro Pump', '- Volt Switch', '- Thunder Wave', '- Protect']"
Rotom-Wash,Choice Scarf,Levitate,252 HP / 4 Def / 252 Spe,,Steel,Timid Nature,"['- Volt Switch', '- Hydro Pump', '- Trick', '- Thunder Wave']"
Sableye,Heavy-Duty Boots,Prankster,248 HP / 252 Def / 8 SpD,,Ghost,Impish Nature,"['- Knock Off', '- Will-O-Wisp', '- Recover', '- Encore']"
Salamence,Heavy-Duty Boots,Intimidate,4 Def / 252 SpA / 252 Spe,,Water,Timid Nature,"['- Draco Meteor', '- Hurricane', '- Flamethrower', '- Roost']"
Salamence,Heavy-Duty Boots,Moxie,252 Atk / 4 Def / 252 Spe,,Steel,Jolly Nature,"['- Dragon Dance', '- Outrage', '- Earthquake', '- Dual Wingbeat']"
Salazzle,Heavy-Duty Boots,Corrosion,4 Def / 252 SpA / 252 Spe,,Ghost,Timid Nature,"['- Flamethrower', '- Sludge Bomb', '- Toxic', '- Toxic Spikes']"
Samurott,Leftovers,Shell Armor,40 HP / 252 Atk / 216 Spe,,Fairy,Adamant Nature,"['- Swords Dance', '- Liquidation', '- Knock Off', '- Megahorn']"
Sandaconda,Rocky Helmet,Shed Skin,252 HP / 176 Def / 80 Spe,,Ghost,Impish Nature,"['- Stealth Rock', '- Earthquake', '- Glare', '- Rest']"
Sandaconda,Leftovers,Shed Skin,252 HP / 4 Def / 252 Spe,,Dragon,Jolly Nature,"['- Coil', '- Earthquake', '- Stone Edge', '- Rest']"
Sandy Shocks,Heavy-Duty Boots,Protosynthesis,252 SpA / 4 SpD / 252 Spe,,Ice,Timid Nature,"['- Volt Switch', '- Earth Power', '- Thunderbolt', '- Tera Blast']"
Sandy Shocks,Booster Energy,Protosynthesis,48 HP / 208 SpA / 252 Spe,,Ghost,Timid Nature,"['- Stealth Rock', '- Spikes', '- Earth Power', '- Thunderbolt']"
Sawsbuck,Heavy-Duty Boots,Serene Grace,252 Atk / 4 Def / 252 Spe,,Normal,Jolly Nature,"['- Swords Dance', '- Headbutt', '- Horn Leech', '- Stomping Tantrum']"
Sawsbuck,Choice Scarf,Serene Grace,252 Atk / 4 Def / 252 Spe,,Normal,Jolly Nature,"['- Headbutt', '- Horn Leech', '- Double-Edge', '- Zen Headbutt']"
Scizor,Heavy-Duty Boots,Technician,32 HP / 252 Atk / 224 Spe,,Fire,Adamant Nature,"['- Swords Dance', '- Bullet Punch', '- U-turn', '- Close Combat']"
Scizor,Life Orb,Technician,252 Atk / 4 SpD / 252 Spe,,Fire,Adamant Nature,"['- Swords Dance', '- Bullet Punch', '- Close Combat', '- Quick Attack']"
Scizor,Choice Band,Technician,252 Atk / 4 SpD / 252 Spe,,Steel,Adamant Nature,"['- Bullet Punch', '- U-turn', '- Close Combat', '- Trailblaze']"
Scovillain,Leftovers,Moody,252 HP / 4 SpA / 252 Spe,,Water,Timid Nature,"['- Leech Seed', '- Flamethrower', '- Substitute', '- Protect']"
Scream Tail,Leftovers,Protosynthesis,252 HP / 4 SpD / 252 Spe,,Poison,Timid Nature,"['- Wish', '- Protect', '- Dazzling Gleam', '- Encore']"
Seviper,Life Orb,Shed Skin,252 Atk / 4 Def / 252 Spe,,Ground,Jolly Nature,"['- Swords Dance', '- Gunk Shot', '- Earthquake', '- Trailblaze']"
Skeledirge,Heavy-Duty Boots,Unaware,248 HP / 8 SpA / 252 SpD,,Fairy,Calm Nature,"['- Torch Song', '- Will-O-Wisp', '- Hex', '- Slack Off']"
Skeledirge,Heavy-Duty Boots,Unaware,252 HP / 40 Def / 188 SpD / 28 Spe,,Fairy,Bold Nature,"['- Substitute', '- Torch Song', '- Shadow Ball', '- Slack Off']"
Skuntank,Heavy-Duty Boots,Aftermath,252 Atk / 4 SpD / 252 Spe,,Dark,Jolly Nature,"['- Toxic Spikes', '- Crunch', '- Sucker Punch', '- Gunk Shot']"
Skuntank,Heavy-Duty Boots,Aftermath,252 SpA / 4 SpD / 252 Spe,0 Atk,Dark,Timid Nature,"['- Nasty Plot', '- Dark Pulse', '- Fire Blast', '- Sludge Bomb']"
Skuntank,Choice Scarf,Aftermath,252 Atk / 4 SpD / 252 Spe,,Dark,Jolly Nature,"['- Crunch', '- Gunk Shot', '- Toxic Spikes', '- Memento']"
Skuntank,Heavy-Duty Boots,Aftermath,252 HP / 4 Atk / 252 SpD,,Flying,Careful Nature,"['- Crunch', '- Sucker Punch', '- Toxic', '- Taunt']"
Slaking,Choice Band,Truant,252 Atk / 4 Def / 252 Spe,,Normal,Adamant Nature,"['- Giga Impact', '- Earthquake', '- Low Kick', '- Outrage']"
Slither Wing,Protective Pads,Protosynthesis,248 HP / 16 Atk / 60 SpD / 184 Spe,,Ghost,Adamant Nature,"['- First Impression', '- Close Combat', '- U-turn', '- Morning Sun']"
Slowbro,Rocky Helmet,Regenerator,252 HP / 252 Def / 4 SpD,,Fairy,Bold Nature,"['- Future Sight', '- Ice Beam', '- Thunder Wave', '- Slack Off']"
Slowking,Heavy-Duty Boots,Regenerator,248 HP / 8 Def / 252 SpD,0 Atk / 0 Spe,Water,Sassy Nature,"['- Future Sight', '- Chilly Reception', '- Surf', '- Slack Off']"
Spidops,Focus Sash,Stakeout,248 HP / 252 Atk / 8 Def,,Ghost,Adamant Nature,"['- Sticky Web', '- Spikes', '- First Impression', '- Circle Throw']"
Spidops,Heavy-Duty Boots,Stakeout,248 HP / 252 Atk / 8 Def,,Bug,Adamant Nature,"['- First Impression', '- Spikes', '- U-turn', '- Circle Throw']"
Spiritomb,Leftovers,Pressure,252 HP / 252 Def / 4 SpD,,Fairy,Calm Nature,"['- Calm Mind', '- Dark Pulse', '- Rest', '- Sleep Talk']"
Squawkabilly,Flame Orb,Guts,252 Atk / 4 Def / 252 Spe,,Normal,Jolly Nature,"['- Facade', '- Brave Bird', '- Quick Attack', '- U-turn']"
Squawkabilly,Heavy-Duty Boots,Intimidate,252 Atk / 4 Def / 252 Spe,,Electric,Jolly Nature,"['- Brave Bird', '- Quick Attack', '- Double-Edge', '- Parting Shot']"
Squawkabilly,Choice Scarf,Hustle,252 Atk / 4 Def / 252 Spe,,Flying,Jolly Nature,"['- Brave Bird', '- Double-Edge', '- Aerial Ace', '- U-turn']"
Staraptor,Choice Scarf,Reckless,252 Atk / 4 SpD / 252 Spe,,Flying,Jolly Nature,"['- Brave Bird', '- Double-Edge', '- Close Combat', '- U-turn']"
Stonjourner,Rocky Helmet,Power Spot,120 HP / 252 Def / 136 Spe,,Fighting,Impish Nature,"['- Stealth Rock', '- Iron Defense', '- Body Press', '- Stone Edge']"
Stonjourner,Rocky Helmet,Power Spot,4 Atk / 252 Def / 252 Spe,,Fighting,Jolly Nature,"['- Rock Polish', '- Iron Defense', '- Body Press', '- Stone Edge']"
Swalot,Heavy-Duty Boots,Liquid Ooze,252 HP / 4 Def / 252 SpD,0 Atk,Ghost,Calm Nature,"['- Acid Armor', '- Body Press', '- Toxic Spikes', '- Encore']"
Sylveon,Leftovers,Pixilate,252 HP / 252 Def / 4 SpD,0 Atk,Steel,Bold Nature,"['- Hyper Voice', '- Wish', '- Protect', '- Calm Mind']"
Sylveon,Choice Specs,Pixilate,4 Def / 252 SpA / 252 Spe,0 Atk,Ground,Modest Nature,"['- Tera Blast', '- Hyper Voice', '- Shadow Ball', '- Psyshock']"
Talonflame,Heavy-Duty Boots,Flame Body,248 HP / 8 Atk / 252 Spe,,Ghost,Jolly Nature,"['- Brave Bird', '- Will-O-Wisp', '- Taunt', '- Roost']"
Talonflame,Heavy-Duty Boots,Flame Body,248 HP / 8 Def / 252 Spe,,Ghost,Jolly Nature,"['- Flare Blitz', '- Will-O-Wisp', '- U-turn', '- Roost']"
Tatsugiri,Heavy-Duty Boots,Commander,4 Def / 252 SpA / 252 Spe,0 Atk,Steel,Timid Nature,"['- Nasty Plot', '- Draco Meteor', '- Surf', '- Rapid Spin']"
Tauros-Paldea-Aqua,Choice Band,Intimidate,252 Atk / 4 SpD / 252 Spe,,Fighting,Jolly Nature,"['- Wave Crash', '- Close Combat', '- Wild Charge', '- Aqua Jet']"
Tauros-Paldea-Aqua,Leftovers,Intimidate,252 Atk / 4 SpD / 252 Spe,,Steel,Jolly Nature,"['- Bulk Up', '- Raging Bull', '- Close Combat', '- Trailblaze']"
Tauros-Paldea-Blaze,Leftovers,Intimidate,252 HP / 4 Atk / 252 Def,,Grass,Impish Nature,"['- Will-O-Wisp', '- Body Press', '- Raging Bull', '- Rest']"
Tauros-Paldea-Combat,Leftovers,Intimidate,252 Atk / 4 SpD / 252 Spe,,Rock,Jolly Nature,"['- Bulk Up', '- Close Combat', '- Trailblaze', '- Stone Edge']"
Ting-Lu,Leftovers,Vessel of Ruin,252 HP / 4 Def / 252 SpD,,Poison,Careful Nature,"['- Stealth Rock', '- Spikes', '- Whirlwind', '- Earthquake']"
Tinkaton,Leftovers,Mold Breaker,252 HP / 84 Def / 172 SpD,,Dark,Careful Nature,"['- Stealth Rock', '- Gigaton Hammer', '- Knock Off', '- Encore']"
Tinkaton,Leftovers,Mold Breaker,252 HP / 84 Def / 172 SpD,,Dark,Careful Nature,"['- Swords Dance', '- Gigaton Hammer', '- Knock Off', '- Encore']"
Toedscruel,Focus Sash,Mycelium Might,252 SpA / 4 SpD / 252 Spe,,Ghost,Timid Nature,"['- Spore', '- Spikes', '- Leaf Storm', '- Rapid Spin']"
Toxapex,Leftovers,Regenerator,252 HP / 192 Def / 64 SpD,,Steel,Bold Nature,"['- Surf', '- Recover', '- Toxic', '- Haze']"
Toxapex,Assault Vest,Regenerator,248 HP / 252 SpA / 8 SpD,,Fairy,Modest Nature,"['- Surf', '- Sludge Bomb', '- Infestation', '- Acid Spray']"
Toxicroak,Life Orb,Dry Skin,252 Atk / 4 SpD / 252 Spe,,Dark,Jolly Nature,"['- Swords Dance', '- Close Combat', '- Gunk Shot', '- Sucker Punch']"
Toxicroak,Life Orb,Dry Skin,252 SpA / 4 SpD / 252 Spe,,Fighting,Timid Nature,"['- Nasty Plot', '- Focus Blast', '- Sludge Bomb', '- Dark Pulse']"
Toxicroak,Choice Scarf,Dry Skin,252 Atk / 4 Def / 252 Spe,,Fighting,Jolly Nature,"['- Close Combat', '- Gunk Shot', '- Earthquake', '- Rock Slide']"
Toxtricity,Choice Specs,Punk Rock,252 SpA / 4 SpD / 252 Spe,,Normal,Modest Nature,"['- Volt Switch', '- Overdrive', '- Sludge Bomb', '- Boomburst']"
Toxtricity,Choice Scarf,Punk Rock,252 SpA / 4 SpD / 252 Spe,,Normal,Timid Nature,"['- Volt Switch', '- Overdrive', '- Sludge Bomb', '- Boomburst']"
Tsareena,Heavy-Duty Boots,Queenly Majesty,252 HP / 44 Atk / 212 Spe,,Fairy,Jolly Nature,"['- Power Whip', '- U-turn', '- Rapid Spin', '- Synthesis']"
Tyranitar,Choice Band,Sand Stream,252 Atk / 4 SpD / 252 Spe,,Flying,Adamant Nature,"['- Stone Edge', '- Crunch', '- Earthquake', '- Ice Punch']"
Tyranitar,Leftovers,Sand Stream,252 Atk / 4 SpD / 252 Spe,,Flying,Jolly Nature,"['- Dragon Dance', '- Substitute', '- Stone Edge', '- Earthquake']"
Tyranitar,Leftovers,Sand Stream,252 HP / 4 Def / 252 SpD,,Ground,Careful Nature,"['- Stealth Rock', '- Stone Edge', '- Crunch', '- Earthquake']"
Umbreon,Leftovers,Synchronize,252 HP / 4 Def / 252 SpD,,Poison,Calm Nature,"['- Foul Play', '- Wish', '- Protect', '- Thunder Wave']"
Ursaluna,Choice Band,Sword of Ruin,252 HP / 252 Atk / 252 Def / 252 SpD / 252 Spe,,Normal,Adamant Nature,"['- Population Bomb', '- Headlong Rush', '- Extreme Speed', '- U-turn']"
Ursaring,Eviolite,Guts,252 HP / 168 SpD / 88 Spe,,Fairy,Careful Nature,"['- Bulk Up', '- Play Rough', '- Rest', '- Sleep Talk']"
Ursaring,Flame Orb,Guts,252 Atk / 4 SpD / 252 Spe,,Ghost,Jolly Nature,"['- Trailblaze', '- Facade', '- Shadow Claw', '- Swords Dance']"
Vaporeon,Leftovers,Water Absorb,252 HP / 196 Def / 60 SpD,,Dark,Bold Nature,"['- Surf', '- Haze', '- Wish', '- Protect']"
Veluza,Sitrus Berry,Sharpness,4 HP / 252 Atk / 252 Spe,,Water,Adamant Nature,"['- Fillet Away', '- Aqua Cutter', '- Psycho Cut', '- Substitute']"
Vespiquen,Heavy-Duty Boots,Pressure,252 HP / 252 Def / 4 SpD,,Ghost,Impish Nature,"['- Spikes', '- U-turn', '- Roost', '- Toxic']"
Vivillon,Heavy-Duty Boots,Compound Eyes,4 Def / 252 SpA / 252 Spe,,Ground,Timid Nature,"['- Quiver Dance', '- Sleep Powder', '- Hurricane', '- Substitute']"
Volcanion,Choice Specs,Water Absorb,252 SpA / 4 SpD / 252 Spe,,Water,Modest Nature,"['- Steam Eruption', '- Fire Blast', '- Earth Power', '- Sludge Wave']"
Volcanion,Heavy-Duty Boots,Water Absorb,252 SpA / 4 SpD / 252 Spe,,Grass,Modest Nature,"['- Steam Eruption', '- Flamethrower', '- Earth Power', '- Toxic']"
Volcarona,Heavy-Duty Boots,Flame Body,248 HP / 108 Def / 152 Spe,,Grass,Timid Nature,"['- Quiver Dance', '- Fiery Dance', '- Morning Sun', '- Will-O-Wisp']"
Volcarona,Heavy-Duty Boots,Flame Body,252 SpA / 4 SpD / 252 Spe,0 Atk,Ground,Timid Nature,"['- Quiver Dance', '- Flamethrower', '- Bug Buzz', '- Tera Blast']"
Walking Wake,Choice Specs,Protosynthesis,12 HP / 244 SpA / 252 Spe,0 Atk,Water,Timid Nature,"['- Hydro Steam', '- Flamethrower', '- Draco Meteor', '- Dragon Pulse']"
Walking Wake,Booster Energy,Protosynthesis,252 SpA / 4 SpD / 252 Spe,0 Atk,Water,Modest Nature,"['- Agility', '- Hydro Steam', '- Dragon Pulse', '- Flamethrower']"
Walking Wake,Leftovers,Protosynthesis,252 SpA / 4 SpD / 252 Spe,0 Atk,Water,Timid Nature,"['- Substitute', '- Hydro Steam', '- Dragon Pulse', '- Roar']"
Weavile,Choice Band,Pressure,4 HP / 252 Atk / 252 Spe,,Dark,Jolly Nature,"['- Ice Shard', '- Night Slash', '- Icicle Crash', '- Beat Up']"
Weavile,Life Orb,Pressure,4 HP / 252 Atk / 252 Spe,,Ice,Jolly Nature,"['- Swords Dance', '- Night Slash', '- Ice Shard', '- Icicle Crash']"
Wo-Chien,Leftovers,Tablets of Ruin,252 HP / 4 Def / 252 SpD,,Poison,Careful Nature,"['- Knock Off', '- Leech Seed', '- Protect', '- Ruination']"
Wo-Chien,Leftovers,Tablets of Ruin,252 HP / 196 Def / 60 SpD,,Ghost,Careful Nature,"['- Knock Off', '- Foul Play', '- Rest', '- Sleep Talk']"
Wugtrio,Choice Band,Gooey,252 Atk / 4 Def / 252 Spe,,Water,Jolly Nature,"['- Triple Dive', '- Aqua Jet', '- Stomping Tantrum', '- Throat Chop']"
Zacian,Covert Cloak,Ice Scales,252 HP / 252 Atk / 252 Def / 252 SpD / 252 Spe,,Steel,Jolly Nature,"['- Shore Up', '- Spirit Break', '- Haze', '- Spikes']"
Zacian,Heavy-Duty Boots,Fur Coat,252 HP / 252 Atk / 252 Def / 252 SpD / 252 Spe,,Water,Jolly Nature,"['- Shore Up', '- Magical Torque', '- Knock Off', '- Will-O-Wisp']"
Zacian,Protective Pads,Pixilate,252 HP / 252 Atk / 252 Def / 252 SpD / 252 Spe,,Fairy,Jolly Nature,"['- Population Bomb', '- Coil', '- Strength Sap', '- Rapid Spin']"
Zacian-Crowned,Rusted Sword,Intrepid Sword,252 Atk / 4 SpD / 252 Spe,,Fighting,Jolly Nature,"['- Swords Dance', '- Behemoth Blade', '- Wild Charge', '- Close Combat']"
Zamazenta,Choice Band,Dauntless Shield,252 Atk / 4 SpD / 252 Spe,,Fighting,Jolly Nature,"['- Close Combat', '- Crunch', '- Wild Charge', '- Ice Fang']"
Zamazenta,Leftovers,Dauntless Shield,252 HP / 4 Def / 252 Spe,,Water,Jolly Nature,"['- Body Press', '- Crunch', '- Rest', '- Iron Defense']"
Zangoose,Toxic Orb,Toxic Boost,252 Atk / 4 SpD / 252 Spe,,Normal,Jolly Nature,"['- Facade', '- Quick Attack', '- Swords Dance', '- Night Slash']"
Zapdos,Flyinium Z,Static,88 HP / 168 SpA / 252 Spe,0 Atk,Flying,Timid Nature,"['- Hurricane', '- Thunderbolt', '- Volt Switch', '- Roost']"
Zapdos,Heavy-Duty Boots,Static,104 HP / 252 SpA / 152 Spe,0 Atk,Flying,Timid Nature,"['- Thunder', '- Hurricane', '- Weather Ball', '- Roost']"
Zapdos,Heavy-Duty Boots,Static,252 HP / 184 Def / 72 Spe,0 Atk,Steel,Bold Nature,"['- Volt Switch', '- Hurricane', '- Heat Wave', '- Roost']"
Zoroark,Choice Specs,Illusion,4 HP / 252 SpA / 252 Spe,,Dark,Timid Nature,"['- Dark Pulse', '- Psychic', '- Sludge Bomb', '- U-turn']"
Zoroark,Choice Scarf,Illusion,4 Def / 252 SpA / 252 Spe,,Dark,Timid Nature,"['- Dark Pulse', '- Psychic', '- Sludge Bomb', '- U-turn']"
Zoroark-Hisui,Choice Specs,Illusion,252 SpA / 4 SpD / 252 Spe,0 Atk,Ghost,Timid Nature,"['- Shadow Ball', '- Grass Knot', '- Flamethrower', '- Trick']"
Zoroark-Hisui,Focus Sash,Illusion,252 SpA / 4 SpD / 252 Spe,0 Atk,Ghost,Timid Nature,"['- Nasty Plot', '- Shadow Ball', '- Grass Knot', '- Flamethrower']"
