,name,hp,attack,defense,special-atk,special-defense,speed,type-1,type-2
0,bulbasaur,45,49,49,65,65,45,grass,poison
1,ivysaur,60,62,63,80,80,60,grass,poison
2,venusaur,80,82,83,100,100,80,grass,poison
3,charmander,39,52,43,60,50,65,fire,NaN
4,charmeleon,58,64,58,80,65,80,fire,NaN
5,charizard,78,84,78,109,85,100,fire,flying
6,squirtle,44,48,65,50,64,43,water,NaN
7,wartortle,59,63,80,65,80,58,water,NaN
8,blastoise,79,83,100,85,105,78,water,NaN
9,caterpie,45,30,35,20,20,45,bug,NaN
10,metapod,50,20,55,25,25,30,bug,NaN
11,butterfree,60,45,50,90,80,70,bug,flying
12,weedle,40,35,30,20,20,50,bug,poison
13,kakuna,45,25,50,25,25,35,bug,poison
14,beedrill,65,90,40,45,80,75,bug,poison
15,pidgey,40,45,40,35,35,56,normal,flying
16,pidgeotto,63,60,55,50,50,71,normal,flying
17,pidgeot,83,80,75,70,70,101,normal,flying
18,rattata,30,56,35,25,35,72,normal,NaN
19,raticate,55,81,60,50,70,97,normal,NaN
20,spearow,40,60,30,31,31,70,normal,flying
21,fearow,65,90,65,61,61,100,normal,flying
22,ekans,35,60,44,40,54,55,poison,NaN
23,arbok,60,95,69,65,79,80,poison,NaN
24,pikachu,35,55,40,50,50,90,electric,NaN
25,raichu,60,90,55,90,80,110,electric,NaN
26,sandshrew,50,75,85,20,30,40,ground,NaN
27,sandslash,75,100,110,45,55,65,ground,NaN
28,nidoran-f,55,47,52,40,40,41,poison,NaN
29,nidorina,70,62,67,55,55,56,poison,NaN
30,nidoqueen,90,92,87,75,85,76,poison,ground
31,nidoran-m,46,57,40,40,40,50,poison,NaN
32,nidorino,61,72,57,55,55,65,poison,NaN
33,nidoking,81,102,77,85,75,85,poison,ground
34,clefairy,70,45,48,60,65,35,fairy,NaN
35,clefable,95,70,73,95,90,60,fairy,NaN
36,vulpix,38,41,40,50,65,65,fire,NaN
37,ninetales,73,76,75,81,100,100,fire,NaN
38,jigglypuff,115,45,20,45,25,20,normal,fairy
39,wigglytuff,140,70,45,85,50,45,normal,fairy
40,zubat,40,45,35,30,40,55,poison,flying
41,golbat,75,80,70,65,75,90,poison,flying
42,oddish,45,50,55,75,65,30,grass,poison
43,gloom,60,65,70,85,75,40,grass,poison
44,vileplume,75,80,85,110,90,50,grass,poison
45,paras,35,70,55,45,55,25,bug,grass
46,parasect,60,95,80,60,80,30,bug,grass
47,venonat,60,55,50,40,55,45,bug,poison
48,venomoth,70,65,60,90,75,90,bug,poison
49,diglett,10,55,25,35,45,95,ground,NaN
50,dugtrio,35,100,50,50,70,120,ground,NaN
51,meowth,40,45,35,40,40,90,normal,NaN
52,persian,65,70,60,65,65,115,normal,NaN
53,psyduck,50,52,48,65,50,55,water,NaN
54,golduck,80,82,78,95,80,85,water,NaN
55,mankey,40,80,35,35,45,70,fighting,NaN
56,primeape,65,105,60,60,70,95,fighting,NaN
57,growlithe,55,70,45,70,50,60,fire,NaN
58,arcanine,90,110,80,100,80,95,fire,NaN
59,poliwag,40,50,40,40,40,90,water,NaN
60,poliwhirl,65,65,65,50,50,90,water,NaN
61,poliwrath,90,95,95,70,90,70,water,fighting
62,abra,25,20,15,105,55,90,psychic,NaN
63,kadabra,40,35,30,120,70,105,psychic,NaN
64,alakazam,55,50,45,135,95,120,psychic,NaN
65,machop,70,80,50,35,35,35,fighting,NaN
66,machoke,80,100,70,50,60,45,fighting,NaN
67,machamp,90,130,80,65,85,55,fighting,NaN
68,bellsprout,50,75,35,70,30,40,grass,poison
69,weepinbell,65,90,50,85,45,55,grass,poison
70,victreebel,80,105,65,100,70,70,grass,poison
71,tentacool,40,40,35,50,100,70,water,poison
72,tentacruel,80,70,65,80,120,100,water,poison
73,geodude,40,80,100,30,30,20,rock,ground
74,graveler,55,95,115,45,45,35,rock,ground
75,golem,80,120,130,55,65,45,rock,ground
76,ponyta,50,85,55,65,65,90,fire,NaN
77,rapidash,65,100,70,80,80,105,fire,NaN
78,slowpoke,90,65,65,40,40,15,water,psychic
79,slowbro,95,75,110,100,80,30,water,psychic
80,magnemite,25,35,70,95,55,45,electric,steel
81,magneton,50,60,95,120,70,70,electric,steel
82,farfetchd,52,90,55,58,62,60,normal,flying
83,doduo,35,85,45,35,35,75,normal,flying
84,dodrio,60,110,70,60,60,110,normal,flying
85,seel,65,45,55,45,70,45,water,NaN
86,dewgong,90,70,80,70,95,70,water,ice
87,grimer,80,80,50,40,50,25,poison,NaN
88,muk,105,105,75,65,100,50,poison,NaN
89,shellder,30,65,100,45,25,40,water,NaN
90,cloyster,50,95,180,85,45,70,water,ice
91,gastly,30,35,30,100,35,80,ghost,poison
92,haunter,45,50,45,115,55,95,ghost,poison
93,gengar,60,65,60,130,75,110,ghost,poison
94,onix,35,45,160,30,45,70,rock,ground
95,drowzee,60,48,45,43,90,42,psychic,NaN
96,hypno,85,73,70,73,115,67,psychic,NaN
97,krabby,30,105,90,25,25,50,water,NaN
98,kingler,55,130,115,50,50,75,water,NaN
99,voltorb,40,30,50,55,55,100,electric,NaN
100,electrode,60,50,70,80,80,150,electric,NaN
101,exeggcute,60,40,80,60,45,40,grass,psychic
102,exeggutor,95,95,85,125,75,55,grass,psychic
103,cubone,50,50,95,40,50,35,ground,NaN
104,marowak,60,80,110,50,80,45,ground,NaN
105,hitmonlee,50,120,53,35,110,87,fighting,NaN
106,hitmonchan,50,105,79,35,110,76,fighting,NaN
107,lickitung,90,55,75,60,75,30,normal,NaN
108,koffing,40,65,95,60,45,35,poison,NaN
109,weezing,65,90,120,85,70,60,poison,NaN
110,rhyhorn,80,85,95,30,30,25,ground,rock
111,rhydon,105,130,120,45,45,40,ground,rock
112,chansey,250,5,5,35,105,50,normal,NaN
113,tangela,65,55,115,100,40,60,grass,NaN
114,kangaskhan,105,95,80,40,80,90,normal,NaN
115,horsea,30,40,70,70,25,60,water,NaN
116,seadra,55,65,95,95,45,85,water,NaN
117,goldeen,45,67,60,35,50,63,water,NaN
118,seaking,80,92,65,65,80,68,water,NaN
119,staryu,30,45,55,70,55,85,water,NaN
120,starmie,60,75,85,100,85,115,water,psychic
121,mr-mime,40,45,65,100,120,90,psychic,fairy
122,scyther,70,110,80,55,80,105,bug,flying
123,jynx,65,50,35,115,95,95,ice,psychic
124,electabuzz,65,83,57,95,85,105,electric,NaN
125,magmar,65,95,57,100,85,93,fire,NaN
126,pinsir,65,125,100,55,70,85,bug,NaN
127,tauros,75,100,95,40,70,110,normal,NaN
128,magikarp,20,10,55,15,20,80,water,NaN
129,gyarados,95,125,79,60,100,81,water,flying
130,lapras,130,85,80,85,95,60,water,ice
131,ditto,48,48,48,48,48,48,normal,NaN
132,eevee,55,55,50,45,65,55,normal,NaN
133,vaporeon,130,65,60,110,95,65,water,NaN
134,jolteon,65,65,60,110,95,130,electric,NaN
135,flareon,65,130,60,95,110,65,fire,NaN
136,porygon,65,60,70,85,75,40,normal,NaN
137,omanyte,35,40,100,90,55,35,rock,water
138,omastar,70,60,125,115,70,55,rock,water
139,kabuto,30,80,90,55,45,55,rock,water
140,kabutops,60,115,105,65,70,80,rock,water
141,aerodactyl,80,105,65,60,75,130,rock,flying
142,snorlax,160,110,65,65,110,30,normal,NaN
143,articuno,90,85,100,95,125,85,ice,flying
144,zapdos,90,90,85,125,90,100,electric,flying
145,moltres,90,100,90,125,85,90,fire,flying
146,dratini,41,64,45,50,50,50,dragon,NaN
147,dragonair,61,84,65,70,70,70,dragon,NaN
148,dragonite,91,134,95,100,100,80,dragon,flying
149,mewtwo,106,110,90,154,90,130,psychic,NaN
150,mew,100,100,100,100,100,100,psychic,NaN
151,chikorita,45,49,65,49,65,45,grass,NaN
152,bayleef,60,62,80,63,80,60,grass,NaN
153,meganium,80,82,100,83,100,80,grass,NaN
154,cyndaquil,39,52,43,60,50,65,fire,NaN
155,quilava,58,64,58,80,65,80,fire,NaN
156,typhlosion,78,84,78,109,85,100,fire,NaN
157,totodile,50,65,64,44,48,43,water,NaN
158,croconaw,65,80,80,59,63,58,water,NaN
159,feraligatr,85,105,100,79,83,78,water,NaN
160,sentret,35,46,34,35,45,20,normal,NaN
161,furret,85,76,64,45,55,90,normal,NaN
162,hoothoot,60,30,30,36,56,50,normal,flying
163,noctowl,100,50,50,86,96,70,normal,flying
164,ledyba,40,20,30,40,80,55,bug,flying
165,ledian,55,35,50,55,110,85,bug,flying
166,spinarak,40,60,40,40,40,30,bug,poison
167,ariados,70,90,70,60,70,40,bug,poison
168,crobat,85,90,80,70,80,130,poison,flying
169,chinchou,75,38,38,56,56,67,water,electric
170,lanturn,125,58,58,76,76,67,water,electric
171,pichu,20,40,15,35,35,60,electric,NaN
172,cleffa,50,25,28,45,55,15,fairy,NaN
173,igglybuff,90,30,15,40,20,15,normal,fairy
174,togepi,35,20,65,40,65,20,fairy,NaN
175,togetic,55,40,85,80,105,40,fairy,flying
176,natu,40,50,45,70,45,70,psychic,flying
177,xatu,65,75,70,95,70,95,psychic,flying
178,mareep,55,40,40,65,45,35,electric,NaN
179,flaaffy,70,55,55,80,60,45,electric,NaN
180,ampharos,90,75,85,115,90,55,electric,NaN
181,bellossom,75,80,95,90,100,50,grass,NaN
182,marill,70,20,50,20,50,40,water,fairy
183,azumarill,100,50,80,60,80,50,water,fairy
184,sudowoodo,70,100,115,30,65,30,rock,NaN
185,politoed,90,75,75,90,100,70,water,NaN
186,hoppip,35,35,40,35,55,50,grass,flying
187,skiploom,55,45,50,45,65,80,grass,flying
188,jumpluff,75,55,70,55,95,110,grass,flying
189,aipom,55,70,55,40,55,85,normal,NaN
190,sunkern,30,30,30,30,30,30,grass,NaN
191,sunflora,75,75,55,105,85,30,grass,NaN
192,yanma,65,65,45,75,45,95,bug,flying
193,wooper,55,45,45,25,25,15,water,ground
194,quagsire,95,85,85,65,65,35,water,ground
195,espeon,65,65,60,130,95,110,psychic,NaN
196,umbreon,95,65,110,60,130,65,dark,NaN
197,murkrow,60,85,42,85,42,91,dark,flying
198,slowking,95,75,80,100,110,30,water,psychic
199,misdreavus,60,60,60,85,85,85,ghost,NaN
200,unown,48,72,48,72,48,48,psychic,NaN
201,wobbuffet,190,33,58,33,58,33,psychic,NaN
202,girafarig,70,80,65,90,65,85,normal,psychic
203,pineco,50,65,90,35,35,15,bug,NaN
204,forretress,75,90,140,60,60,40,bug,steel
205,dunsparce,100,70,70,65,65,45,normal,NaN
206,gligar,65,75,105,35,65,85,ground,flying
207,steelix,75,85,200,55,65,30,steel,ground
208,snubbull,60,80,50,40,40,30,fairy,NaN
209,granbull,90,120,75,60,60,45,fairy,NaN
210,qwilfish,65,95,85,55,55,85,water,poison
211,scizor,70,130,100,55,80,65,bug,steel
212,shuckle,20,10,230,10,230,5,bug,rock
213,heracross,80,125,75,40,95,85,bug,fighting
214,sneasel,55,95,55,35,75,115,dark,ice
215,teddiursa,60,80,50,50,50,40,normal,NaN
216,ursaring,90,130,75,75,75,55,normal,NaN
217,slugma,40,40,40,70,40,20,fire,NaN
218,magcargo,60,50,120,90,80,30,fire,rock
219,swinub,50,50,40,30,30,50,ice,ground
220,piloswine,100,100,80,60,60,50,ice,ground
221,corsola,65,55,95,65,95,35,water,rock
222,remoraid,35,65,35,65,35,65,water,NaN
223,octillery,75,105,75,105,75,45,water,NaN
224,delibird,45,55,45,65,45,75,ice,flying
225,mantine,85,40,70,80,140,70,water,flying
226,skarmory,65,80,140,40,70,70,steel,flying
227,houndour,45,60,30,80,50,65,dark,fire
228,houndoom,75,90,50,110,80,95,dark,fire
229,kingdra,75,95,95,95,95,85,water,dragon
230,phanpy,90,60,60,40,40,40,ground,NaN
231,donphan,90,120,120,60,60,50,ground,NaN
232,porygon2,85,80,90,105,95,60,normal,NaN
233,stantler,73,95,62,85,65,85,normal,NaN
234,smeargle,55,20,35,20,45,75,normal,NaN
235,tyrogue,35,35,35,35,35,35,fighting,NaN
236,hitmontop,50,95,95,35,110,70,fighting,NaN
237,smoochum,45,30,15,85,65,65,ice,psychic
238,elekid,45,63,37,65,55,95,electric,NaN
239,magby,45,75,37,70,55,83,fire,NaN
240,miltank,95,80,105,40,70,100,normal,NaN
241,blissey,255,10,10,75,135,55,normal,NaN
242,raikou,90,85,75,115,100,115,electric,NaN
243,entei,115,115,85,90,75,100,fire,NaN
244,suicune,100,75,115,90,115,85,water,NaN
245,larvitar,50,64,50,45,50,41,rock,ground
246,pupitar,70,84,70,65,70,51,rock,ground
247,tyranitar,100,134,110,95,100,61,rock,dark
248,lugia,106,90,130,90,154,110,psychic,flying
249,ho-oh,106,130,90,110,154,90,fire,flying
250,celebi,100,100,100,100,100,100,psychic,grass
251,treecko,40,45,35,65,55,70,grass,NaN
252,grovyle,50,65,45,85,65,95,grass,NaN
253,sceptile,70,85,65,105,85,120,grass,NaN
254,torchic,45,60,40,70,50,45,fire,NaN
255,combusken,60,85,60,85,60,55,fire,fighting
256,blaziken,80,120,70,110,70,80,fire,fighting
257,mudkip,50,70,50,50,50,40,water,NaN
258,marshtomp,70,85,70,60,70,50,water,ground
259,swampert,100,110,90,85,90,60,water,ground
260,poochyena,35,55,35,30,30,35,dark,NaN
261,mightyena,70,90,70,60,60,70,dark,NaN
262,zigzagoon,38,30,41,30,41,60,normal,NaN
263,linoone,78,70,61,50,61,100,normal,NaN
264,wurmple,45,45,35,20,30,20,bug,NaN
265,silcoon,50,35,55,25,25,15,bug,NaN
266,beautifly,60,70,50,100,50,65,bug,flying
267,cascoon,50,35,55,25,25,15,bug,NaN
268,dustox,60,50,70,50,90,65,bug,poison
269,lotad,40,30,30,40,50,30,water,grass
270,lombre,60,50,50,60,70,50,water,grass
271,ludicolo,80,70,70,90,100,70,water,grass
272,seedot,40,40,50,30,30,30,grass,NaN
273,nuzleaf,70,70,40,60,40,60,grass,dark
274,shiftry,90,100,60,90,60,80,grass,dark
275,taillow,40,55,30,30,30,85,normal,flying
276,swellow,60,85,60,75,50,125,normal,flying
277,wingull,40,30,30,55,30,85,water,flying
278,pelipper,60,50,100,95,70,65,water,flying
279,ralts,28,25,25,45,35,40,psychic,fairy
280,kirlia,38,35,35,65,55,50,psychic,fairy
281,gardevoir,68,65,65,125,115,80,psychic,fairy
282,surskit,40,30,32,50,52,65,bug,water
283,masquerain,70,60,62,100,82,80,bug,flying
284,shroomish,60,40,60,40,60,35,grass,NaN
285,breloom,60,130,80,60,60,70,grass,fighting
286,slakoth,60,60,60,35,35,30,normal,NaN
287,vigoroth,80,80,80,55,55,90,normal,NaN
288,slaking,150,160,100,95,65,100,normal,NaN
289,nincada,31,45,90,30,30,40,bug,ground
290,ninjask,61,90,45,50,50,160,bug,flying
291,shedinja,1,90,45,30,30,40,bug,ghost
292,whismur,64,51,23,51,23,28,normal,NaN
293,loudred,84,71,43,71,43,48,normal,NaN
294,exploud,104,91,63,91,73,68,normal,NaN
295,makuhita,72,60,30,20,30,25,fighting,NaN
296,hariyama,144,120,60,40,60,50,fighting,NaN
297,azurill,50,20,40,20,40,20,normal,fairy
298,nosepass,30,45,135,45,90,30,rock,NaN
299,skitty,50,45,45,35,35,50,normal,NaN
300,delcatty,70,65,65,55,55,90,normal,NaN
301,sableye,50,75,75,65,65,50,dark,ghost
302,mawile,50,85,85,55,55,50,steel,fairy
303,aron,50,70,100,40,40,30,steel,rock
304,lairon,60,90,140,50,50,40,steel,rock
305,aggron,70,110,180,60,60,50,steel,rock
306,meditite,30,40,55,40,55,60,fighting,psychic
307,medicham,60,60,75,60,75,80,fighting,psychic
308,electrike,40,45,40,65,40,65,electric,NaN
309,manectric,70,75,60,105,60,105,electric,NaN
310,plusle,60,50,40,85,75,95,electric,NaN
311,minun,60,40,50,75,85,95,electric,NaN
312,volbeat,65,73,75,47,85,85,bug,NaN
313,illumise,65,47,75,73,85,85,bug,NaN
314,roselia,50,60,45,100,80,65,grass,poison
315,gulpin,70,43,53,43,53,40,poison,NaN
316,swalot,100,73,83,73,83,55,poison,NaN
317,carvanha,45,90,20,65,20,65,water,dark
318,sharpedo,70,120,40,95,40,95,water,dark
319,wailmer,130,70,35,70,35,60,water,NaN
320,wailord,170,90,45,90,45,60,water,NaN
321,numel,60,60,40,65,45,35,fire,ground
322,camerupt,70,100,70,105,75,40,fire,ground
323,torkoal,70,85,140,85,70,20,fire,NaN
324,spoink,60,25,35,70,80,60,psychic,NaN
325,grumpig,80,45,65,90,110,80,psychic,NaN
326,spinda,60,60,60,60,60,60,normal,NaN
327,trapinch,45,100,45,45,45,10,ground,NaN
328,vibrava,50,70,50,50,50,70,ground,dragon
329,flygon,80,100,80,80,80,100,ground,dragon
330,cacnea,50,85,40,85,40,35,grass,NaN
331,cacturne,70,115,60,115,60,55,grass,dark
332,swablu,45,40,60,40,75,50,normal,flying
333,altaria,75,70,90,70,105,80,dragon,flying
334,zangoose,73,115,60,60,60,90,normal,NaN
335,seviper,73,100,60,100,60,65,poison,NaN
336,lunatone,90,55,65,95,85,70,rock,psychic
337,solrock,90,95,85,55,65,70,rock,psychic
338,barboach,50,48,43,46,41,60,water,ground
339,whiscash,110,78,73,76,71,60,water,ground
340,corphish,43,80,65,50,35,35,water,NaN
341,crawdaunt,63,120,85,90,55,55,water,dark
342,baltoy,40,40,55,40,70,55,ground,psychic
343,claydol,60,70,105,70,120,75,ground,psychic
344,lileep,66,41,77,61,87,23,rock,grass
345,cradily,86,81,97,81,107,43,rock,grass
346,anorith,45,95,50,40,50,75,rock,bug
347,armaldo,75,125,100,70,80,45,rock,bug
348,feebas,20,15,20,10,55,80,water,NaN
349,milotic,95,60,79,100,125,81,water,NaN
350,castform,70,70,70,70,70,70,normal,NaN
351,kecleon,60,90,70,60,120,40,normal,NaN
352,shuppet,44,75,35,63,33,45,ghost,NaN
353,banette,64,115,65,83,63,65,ghost,NaN
354,duskull,20,40,90,30,90,25,ghost,NaN
355,dusclops,40,70,130,60,130,25,ghost,NaN
356,tropius,99,68,83,72,87,51,grass,flying
357,chimecho,75,50,80,95,90,65,psychic,NaN
358,absol,65,130,60,75,60,75,dark,NaN
359,wynaut,95,23,48,23,48,23,psychic,NaN
360,snorunt,50,50,50,50,50,50,ice,NaN
361,glalie,80,80,80,80,80,80,ice,NaN
362,spheal,70,40,50,55,50,25,ice,water
363,sealeo,90,60,70,75,70,45,ice,water
364,walrein,110,80,90,95,90,65,ice,water
365,clamperl,35,64,85,74,55,32,water,NaN
366,huntail,55,104,105,94,75,52,water,NaN
367,gorebyss,55,84,105,114,75,52,water,NaN
368,relicanth,100,90,130,45,65,55,water,rock
369,luvdisc,43,30,55,40,65,97,water,NaN
370,bagon,45,75,60,40,30,50,dragon,NaN
371,shelgon,65,95,100,60,50,50,dragon,NaN
372,salamence,95,135,80,110,80,100,dragon,flying
373,beldum,40,55,80,35,60,30,steel,psychic
374,metang,60,75,100,55,80,50,steel,psychic
375,metagross,80,135,130,95,90,70,steel,psychic
376,regirock,80,100,200,50,100,50,rock,NaN
377,regice,80,50,100,100,200,50,ice,NaN
378,registeel,80,75,150,75,150,50,steel,NaN
379,latias,80,80,90,110,130,110,dragon,psychic
380,latios,80,90,80,130,110,110,dragon,psychic
381,kyogre,100,100,90,150,140,90,water,NaN
382,groudon,100,150,140,100,90,90,ground,NaN
383,rayquaza,105,150,90,150,90,95,dragon,flying
384,jirachi,100,100,100,100,100,100,steel,psychic
385,deoxys-normal,50,150,50,150,50,150,psychic,NaN
386,turtwig,55,68,64,45,55,31,grass,NaN
387,grotle,75,89,85,55,65,36,grass,NaN
388,torterra,95,109,105,75,85,56,grass,ground
389,chimchar,44,58,44,58,44,61,fire,NaN
390,monferno,64,78,52,78,52,81,fire,fighting
391,infernape,76,104,71,104,71,108,fire,fighting
392,piplup,53,51,53,61,56,40,water,NaN
393,prinplup,64,66,68,81,76,50,water,NaN
394,empoleon,84,86,88,111,101,60,water,steel
395,starly,40,55,30,30,30,60,normal,flying
396,staravia,55,75,50,40,40,80,normal,flying
397,staraptor,85,120,70,50,60,100,normal,flying
398,bidoof,59,45,40,35,40,31,normal,NaN
399,bibarel,79,85,60,55,60,71,normal,water
400,kricketot,37,25,41,25,41,25,bug,NaN
401,kricketune,77,85,51,55,51,65,bug,NaN
402,shinx,45,65,34,40,34,45,electric,NaN
403,luxio,60,85,49,60,49,60,electric,NaN
404,luxray,80,120,79,95,79,70,electric,NaN
405,budew,40,30,35,50,70,55,grass,poison
406,roserade,60,70,65,125,105,90,grass,poison
407,cranidos,67,125,40,30,30,58,rock,NaN
408,rampardos,97,165,60,65,50,58,rock,NaN
409,shieldon,30,42,118,42,88,30,rock,steel
410,bastiodon,60,52,168,47,138,30,rock,steel
411,burmy,40,29,45,29,45,36,bug,NaN
412,wormadam-plant,60,59,85,79,105,36,bug,grass
413,mothim,70,94,50,94,50,66,bug,flying
414,combee,30,30,42,30,42,70,bug,flying
415,vespiquen,70,80,102,80,102,40,bug,flying
416,pachirisu,60,45,70,45,90,95,electric,NaN
417,buizel,55,65,35,60,30,85,water,NaN
418,floatzel,85,105,55,85,50,115,water,NaN
419,cherubi,45,35,45,62,53,35,grass,NaN
420,cherrim,70,60,70,87,78,85,grass,NaN
421,shellos,76,48,48,57,62,34,water,NaN
422,gastrodon,111,83,68,92,82,39,water,ground
423,ambipom,75,100,66,60,66,115,normal,NaN
424,drifloon,90,50,34,60,44,70,ghost,flying
425,drifblim,150,80,44,90,54,80,ghost,flying
426,buneary,55,66,44,44,56,85,normal,NaN
427,lopunny,65,76,84,54,96,105,normal,NaN
428,mismagius,60,60,60,105,105,105,ghost,NaN
429,honchkrow,100,125,52,105,52,71,dark,flying
430,glameow,49,55,42,42,37,85,normal,NaN
431,purugly,71,82,64,64,59,112,normal,NaN
432,chingling,45,30,50,65,50,45,psychic,NaN
433,stunky,63,63,47,41,41,74,poison,dark
434,skuntank,103,93,67,71,61,84,poison,dark
435,bronzor,57,24,86,24,86,23,steel,psychic
436,bronzong,67,89,116,79,116,33,steel,psychic
437,bonsly,50,80,95,10,45,10,rock,NaN
438,mime-jr,20,25,45,70,90,60,psychic,fairy
439,happiny,100,5,5,15,65,30,normal,NaN
440,chatot,76,65,45,92,42,91,normal,flying
441,spiritomb,50,92,108,92,108,35,ghost,dark
442,gible,58,70,45,40,45,42,dragon,ground
443,gabite,68,90,65,50,55,82,dragon,ground
444,garchomp,108,130,95,80,85,102,dragon,ground
445,munchlax,135,85,40,40,85,5,normal,NaN
446,riolu,40,70,40,35,40,60,fighting,NaN
447,lucario,70,110,70,115,70,90,fighting,steel
448,hippopotas,68,72,78,38,42,32,ground,NaN
449,hippowdon,108,112,118,68,72,47,ground,NaN
450,skorupi,40,50,90,30,55,65,poison,bug
451,drapion,70,90,110,60,75,95,poison,dark
452,croagunk,48,61,40,61,40,50,poison,fighting
453,toxicroak,83,106,65,86,65,85,poison,fighting
454,carnivine,74,100,72,90,72,46,grass,NaN
455,finneon,49,49,56,49,61,66,water,NaN
456,lumineon,69,69,76,69,86,91,water,NaN
457,mantyke,45,20,50,60,120,50,water,flying
458,snover,60,62,50,62,60,40,grass,ice
459,abomasnow,90,92,75,92,85,60,grass,ice
460,weavile,70,120,65,45,85,125,dark,ice
461,magnezone,70,70,115,130,90,60,electric,steel
462,lickilicky,110,85,95,80,95,50,normal,NaN
463,rhyperior,115,140,130,55,55,40,ground,rock
464,tangrowth,100,100,125,110,50,50,grass,NaN
465,electivire,75,123,67,95,85,95,electric,NaN
466,magmortar,75,95,67,125,95,83,fire,NaN
467,togekiss,85,50,95,120,115,80,fairy,flying
468,yanmega,86,76,86,116,56,95,bug,flying
469,leafeon,65,110,130,60,65,95,grass,NaN
470,glaceon,65,60,110,130,95,65,ice,NaN
471,gliscor,75,95,125,45,75,95,ground,flying
472,mamoswine,110,130,80,70,60,80,ice,ground
473,porygon-z,85,80,70,135,75,90,normal,NaN
474,gallade,68,125,65,65,115,80,psychic,fighting
475,probopass,60,55,145,75,150,40,rock,steel
476,dusknoir,45,100,135,65,135,45,ghost,NaN
477,froslass,70,80,70,80,70,110,ice,ghost
478,rotom,50,50,77,95,77,91,electric,ghost
479,uxie,75,75,130,75,130,95,psychic,NaN
480,mesprit,80,105,105,105,105,80,psychic,NaN
481,azelf,75,125,70,125,70,115,psychic,NaN
482,dialga,100,120,120,150,100,90,steel,dragon
483,palkia,90,120,100,150,120,100,water,dragon
484,heatran,91,90,106,130,106,77,fire,steel
485,regigigas,110,160,110,80,110,100,normal,NaN
486,giratina-altered,150,100,120,100,120,90,ghost,dragon
487,cresselia,120,70,120,75,130,85,psychic,NaN
488,phione,80,80,80,80,80,80,water,NaN
489,manaphy,100,100,100,100,100,100,water,NaN
490,darkrai,70,90,90,135,90,125,dark,NaN
491,shaymin-land,100,100,100,100,100,100,grass,NaN
492,arceus,120,120,120,120,120,120,normal,NaN
493,victini,100,100,100,100,100,100,psychic,fire
494,snivy,45,45,55,45,55,63,grass,NaN
495,servine,60,60,75,60,75,83,grass,NaN
496,serperior,75,75,95,75,95,113,grass,NaN
497,tepig,65,63,45,45,45,45,fire,NaN
498,pignite,90,93,55,70,55,55,fire,fighting
499,emboar,110,123,65,100,65,65,fire,fighting
500,oshawott,55,55,45,63,45,45,water,NaN
501,dewott,75,75,60,83,60,60,water,NaN
502,samurott,95,100,85,108,70,70,water,NaN
503,patrat,45,55,39,35,39,42,normal,NaN
504,watchog,60,85,69,60,69,77,normal,NaN
505,lillipup,45,60,45,25,45,55,normal,NaN
506,herdier,65,80,65,35,65,60,normal,NaN
507,stoutland,85,110,90,45,90,80,normal,NaN
508,purrloin,41,50,37,50,37,66,dark,NaN
509,liepard,64,88,50,88,50,106,dark,NaN
510,pansage,50,53,48,53,48,64,grass,NaN
511,simisage,75,98,63,98,63,101,grass,NaN
512,pansear,50,53,48,53,48,64,fire,NaN
513,simisear,75,98,63,98,63,101,fire,NaN
514,panpour,50,53,48,53,48,64,water,NaN
515,simipour,75,98,63,98,63,101,water,NaN
516,munna,76,25,45,67,55,24,psychic,NaN
517,musharna,116,55,85,107,95,29,psychic,NaN
518,pidove,50,55,50,36,30,43,normal,flying
519,tranquill,62,77,62,50,42,65,normal,flying
520,unfezant,80,115,80,65,55,93,normal,flying
521,blitzle,45,60,32,50,32,76,electric,NaN
522,zebstrika,75,100,63,80,63,116,electric,NaN
523,roggenrola,55,75,85,25,25,15,rock,NaN
524,boldore,70,105,105,50,40,20,rock,NaN
525,gigalith,85,135,130,60,80,25,rock,NaN
526,woobat,65,45,43,55,43,72,psychic,flying
527,swoobat,67,57,55,77,55,114,psychic,flying
528,drilbur,60,85,40,30,45,68,ground,NaN
529,excadrill,110,135,60,50,65,88,ground,steel
530,audino,103,60,86,60,86,50,normal,NaN
531,timburr,75,80,55,25,35,35,fighting,NaN
532,gurdurr,85,105,85,40,50,40,fighting,NaN
533,conkeldurr,105,140,95,55,65,45,fighting,NaN
534,tympole,50,50,40,50,40,64,water,NaN
535,palpitoad,75,65,55,65,55,69,water,ground
536,seismitoad,105,95,75,85,75,74,water,ground
537,throh,120,100,85,30,85,45,fighting,NaN
538,sawk,75,125,75,30,75,85,fighting,NaN
539,sewaddle,45,53,70,40,60,42,bug,grass
540,swadloon,55,63,90,50,80,42,bug,grass
541,leavanny,75,103,80,70,80,92,bug,grass
542,venipede,30,45,59,30,39,57,bug,poison
543,whirlipede,40,55,99,40,79,47,bug,poison
544,scolipede,60,100,89,55,69,112,bug,poison
545,cottonee,40,27,60,37,50,66,grass,fairy
546,whimsicott,60,67,85,77,75,116,grass,fairy
547,petilil,45,35,50,70,50,30,grass,NaN
548,lilligant,70,60,75,110,75,90,grass,NaN
549,basculin-red-striped,70,92,65,80,55,98,water,NaN
550,sandile,50,72,35,35,35,65,ground,dark
551,krokorok,60,82,45,45,45,74,ground,dark
552,krookodile,95,117,80,65,70,92,ground,dark
553,darumaka,70,90,45,15,45,50,fire,NaN
554,darmanitan-standard,105,140,55,30,55,95,fire,NaN
555,maractus,75,86,67,106,67,60,grass,NaN
556,dwebble,50,65,85,35,35,55,bug,rock
557,crustle,70,105,125,65,75,45,bug,rock
558,scraggy,50,75,70,35,70,48,dark,fighting
559,scrafty,65,90,115,45,115,58,dark,fighting
560,sigilyph,72,58,80,103,80,97,psychic,flying
561,yamask,38,30,85,55,65,30,ghost,NaN
562,cofagrigus,58,50,145,95,105,30,ghost,NaN
563,tirtouga,54,78,103,53,45,22,water,rock
564,carracosta,74,108,133,83,65,32,water,rock
565,archen,55,112,45,74,45,70,rock,flying
566,archeops,75,140,65,112,65,110,rock,flying
567,trubbish,50,50,62,40,62,65,poison,NaN
568,garbodor,80,95,82,60,82,75,poison,NaN
569,zorua,40,65,40,80,40,65,dark,NaN
570,zoroark,60,105,60,120,60,105,dark,NaN
571,minccino,55,50,40,40,40,75,normal,NaN
572,cinccino,75,95,60,65,60,115,normal,NaN
573,gothita,45,30,50,55,65,45,psychic,NaN
574,gothorita,60,45,70,75,85,55,psychic,NaN
575,gothitelle,70,55,95,95,110,65,psychic,NaN
576,solosis,45,30,40,105,50,20,psychic,NaN
577,duosion,65,40,50,125,60,30,psychic,NaN
578,reuniclus,110,65,75,125,85,30,psychic,NaN
579,ducklett,62,44,50,44,50,55,water,flying
580,swanna,75,87,63,87,63,98,water,flying
581,vanillite,36,50,50,65,60,44,ice,NaN
582,vanillish,51,65,65,80,75,59,ice,NaN
583,vanilluxe,71,95,85,110,95,79,ice,NaN
584,deerling,60,60,50,40,50,75,normal,grass
585,sawsbuck,80,100,70,60,70,95,normal,grass
586,emolga,55,75,60,75,60,103,electric,flying
587,karrablast,50,75,45,40,45,60,bug,NaN
588,escavalier,70,135,105,60,105,20,bug,steel
589,foongus,69,55,45,55,55,15,grass,poison
590,amoonguss,114,85,70,85,80,30,grass,poison
591,frillish,55,40,50,65,85,40,water,ghost
592,jellicent,100,60,70,85,105,60,water,ghost
593,alomomola,165,75,80,40,45,65,water,NaN
594,joltik,50,47,50,57,50,65,bug,electric
595,galvantula,70,77,60,97,60,108,bug,electric
596,ferroseed,44,50,91,24,86,10,grass,steel
597,ferrothorn,74,94,131,54,116,20,grass,steel
598,klink,40,55,70,45,60,30,steel,NaN
599,klang,60,80,95,70,85,50,steel,NaN
600,klinklang,60,100,115,70,85,90,steel,NaN
601,tynamo,35,55,40,45,40,60,electric,NaN
602,eelektrik,65,85,70,75,70,40,electric,NaN
603,eelektross,85,115,80,105,80,50,electric,NaN
604,elgyem,55,55,55,85,55,30,psychic,NaN
605,beheeyem,75,75,75,125,95,40,psychic,NaN
606,litwick,50,30,55,65,55,20,ghost,fire
607,lampent,60,40,60,95,60,55,ghost,fire
608,chandelure,60,55,90,145,90,80,ghost,fire
609,axew,46,87,60,30,40,57,dragon,NaN
610,fraxure,66,117,70,40,50,67,dragon,NaN
611,haxorus,76,147,90,60,70,97,dragon,NaN
612,cubchoo,55,70,40,60,40,40,ice,NaN
613,beartic,95,130,80,70,80,50,ice,NaN
614,cryogonal,80,50,50,95,135,105,ice,NaN
615,shelmet,50,40,85,40,65,25,bug,NaN
616,accelgor,80,70,40,100,60,145,bug,NaN
617,stunfisk,109,66,84,81,99,32,ground,electric
618,mienfoo,45,85,50,55,50,65,fighting,NaN
619,mienshao,65,125,60,95,60,105,fighting,NaN
620,druddigon,77,120,90,60,90,48,dragon,NaN
621,golett,59,74,50,35,50,35,ground,ghost
622,golurk,89,124,80,55,80,55,ground,ghost
623,pawniard,45,85,70,40,40,60,dark,steel
624,bisharp,65,125,100,60,70,70,dark,steel
625,bouffalant,95,110,95,40,95,55,normal,NaN
626,rufflet,70,83,50,37,50,60,normal,flying
627,braviary,100,123,75,57,75,80,normal,flying
628,vullaby,70,55,75,45,65,60,dark,flying
629,mandibuzz,110,65,105,55,95,80,dark,flying
630,heatmor,85,97,66,105,66,65,fire,NaN
631,durant,58,109,112,48,48,109,bug,steel
632,deino,52,65,50,45,50,38,dark,dragon
633,zweilous,72,85,70,65,70,58,dark,dragon
634,hydreigon,92,105,90,125,90,98,dark,dragon
635,larvesta,55,85,55,50,55,60,bug,fire
636,volcarona,85,60,65,135,105,100,bug,fire
637,cobalion,91,90,129,90,72,108,steel,fighting
638,terrakion,91,129,90,72,90,108,rock,fighting
639,virizion,91,90,72,90,129,108,grass,fighting
640,tornadus-incarnate,79,115,70,125,80,111,flying,NaN
641,thundurus-incarnate,79,115,70,125,80,111,electric,flying
642,reshiram,100,120,100,150,120,90,dragon,fire
643,zekrom,100,150,120,120,100,90,dragon,electric
644,landorus-incarnate,89,125,90,115,80,101,ground,flying
645,kyurem,125,130,90,130,90,95,dragon,ice
646,keldeo-ordinary,91,72,90,129,90,108,water,fighting
647,meloetta-aria,100,77,77,128,128,90,normal,psychic
648,genesect,71,120,95,120,95,99,bug,steel
649,chespin,56,61,65,48,45,38,grass,NaN
650,quilladin,61,78,95,56,58,57,grass,NaN
651,chesnaught,88,107,122,74,75,64,grass,fighting
652,fennekin,40,45,40,62,60,60,fire,NaN
653,braixen,59,59,58,90,70,73,fire,NaN
654,delphox,75,69,72,114,100,104,fire,psychic
655,froakie,41,56,40,62,44,71,water,NaN
656,frogadier,54,63,52,83,56,97,water,NaN
657,greninja,72,95,67,103,71,122,water,dark
658,bunnelby,38,36,38,32,36,57,normal,NaN
659,diggersby,85,56,77,50,77,78,normal,ground
660,fletchling,45,50,43,40,38,62,normal,flying
661,fletchinder,62,73,55,56,52,84,fire,flying
662,talonflame,78,81,71,74,69,126,fire,flying
663,scatterbug,38,35,40,27,25,35,bug,NaN
664,spewpa,45,22,60,27,30,29,bug,NaN
665,vivillon,80,52,50,90,50,89,bug,flying
666,litleo,62,50,58,73,54,72,fire,normal
667,pyroar,86,68,72,109,66,106,fire,normal
668,flabebe,44,38,39,61,79,42,fairy,NaN
669,floette,54,45,47,75,98,52,fairy,NaN
670,florges,78,65,68,112,154,75,fairy,NaN
671,skiddo,66,65,48,62,57,52,grass,NaN
672,gogoat,123,100,62,97,81,68,grass,NaN
673,pancham,67,82,62,46,48,43,fighting,NaN
674,pangoro,95,124,78,69,71,58,fighting,dark
675,furfrou,75,80,60,65,90,102,normal,NaN
676,espurr,62,48,54,63,60,68,psychic,NaN
677,meowstic-male,74,48,76,83,81,104,psychic,NaN
678,honedge,45,80,100,35,37,28,steel,ghost
679,doublade,59,110,150,45,49,35,steel,ghost
680,aegislash-shield,60,50,140,50,140,60,steel,ghost
681,spritzee,78,52,60,63,65,23,fairy,NaN
682,aromatisse,101,72,72,99,89,29,fairy,NaN
683,swirlix,62,48,66,59,57,49,fairy,NaN
684,slurpuff,82,80,86,85,75,72,fairy,NaN
685,inkay,53,54,53,37,46,45,dark,psychic
686,malamar,86,92,88,68,75,73,dark,psychic
687,binacle,42,52,67,39,56,50,rock,water
688,barbaracle,72,105,115,54,86,68,rock,water
689,skrelp,50,60,60,60,60,30,poison,water
690,dragalge,65,75,90,97,123,44,poison,dragon
691,clauncher,50,53,62,58,63,44,water,NaN
692,clawitzer,71,73,88,120,89,59,water,NaN
693,helioptile,44,38,33,61,43,70,electric,normal
694,heliolisk,62,55,52,109,94,109,electric,normal
695,tyrunt,58,89,77,45,45,48,rock,dragon
696,tyrantrum,82,121,119,69,59,71,rock,dragon
697,amaura,77,59,50,67,63,46,rock,ice
698,aurorus,123,77,72,99,92,58,rock,ice
699,sylveon,95,65,65,110,130,60,fairy,NaN
700,hawlucha,78,92,75,74,63,118,fighting,flying
701,dedenne,67,58,57,81,67,101,electric,fairy
702,carbink,50,50,150,50,150,50,rock,fairy
703,goomy,45,50,35,55,75,40,dragon,NaN
704,sliggoo,68,75,53,83,113,60,dragon,NaN
705,goodra,90,100,70,110,150,80,dragon,NaN
706,klefki,57,80,91,80,87,75,steel,fairy
707,phantump,43,70,48,50,60,38,ghost,grass
708,trevenant,85,110,76,65,82,56,ghost,grass
709,pumpkaboo-average,49,66,70,44,55,51,ghost,grass
710,gourgeist-average,65,90,122,58,75,84,ghost,grass
711,bergmite,55,69,85,32,35,28,ice,NaN
712,avalugg,95,117,184,44,46,28,ice,NaN
713,noibat,40,30,35,45,40,55,flying,dragon
714,noivern,85,70,80,97,80,123,flying,dragon
715,xerneas,126,131,95,131,98,99,fairy,NaN
716,yveltal,126,131,95,131,98,99,dark,flying
717,zygarde-50,108,100,121,81,95,95,dragon,ground
718,diancie,50,100,150,100,150,50,rock,fairy
719,hoopa,80,110,60,150,130,70,psychic,ghost
720,volcanion,80,110,120,130,90,70,fire,water
721,rowlet,68,55,55,50,50,42,grass,flying
722,dartrix,78,75,75,70,70,52,grass,flying
723,decidueye,78,107,75,100,100,70,grass,ghost
724,litten,45,65,40,60,40,70,fire,NaN
725,torracat,65,85,50,80,50,90,fire,NaN
726,incineroar,95,115,90,80,90,60,fire,dark
727,popplio,50,54,54,66,56,40,water,NaN
728,brionne,60,69,69,91,81,50,water,NaN
729,primarina,80,74,74,126,116,60,water,fairy
730,pikipek,35,75,30,30,30,65,normal,flying
731,trumbeak,55,85,50,40,50,75,normal,flying
732,toucannon,80,120,75,75,75,60,normal,flying
733,yungoos,48,70,30,30,30,45,normal,NaN
734,gumshoos,88,110,60,55,60,45,normal,NaN
735,grubbin,47,62,45,55,45,46,bug,NaN
736,charjabug,57,82,95,55,75,36,bug,electric
737,vikavolt,77,70,90,145,75,43,bug,electric
738,crabrawler,47,82,57,42,47,63,fighting,NaN
739,crabominable,97,132,77,62,67,43,fighting,ice
740,oricorio-baile,75,70,70,98,70,93,fire,flying
741,cutiefly,40,45,40,55,40,84,bug,fairy
742,ribombee,60,55,60,95,70,124,bug,fairy
743,rockruff,45,65,40,30,40,60,rock,NaN
744,lycanroc-midday,75,115,65,55,65,112,rock,NaN
745,wishiwashi-solo,45,20,20,25,25,40,water,NaN
746,mareanie,50,53,62,43,52,45,poison,water
747,toxapex,50,63,152,53,142,35,poison,water
748,mudbray,70,100,70,45,55,45,ground,NaN
749,mudsdale,100,125,100,55,85,35,ground,NaN
750,dewpider,38,40,52,40,72,27,water,bug
751,araquanid,68,70,92,50,132,42,water,bug
752,fomantis,40,55,35,50,35,35,grass,NaN
753,lurantis,70,105,90,80,90,45,grass,NaN
754,morelull,40,35,55,65,75,15,grass,fairy
755,shiinotic,60,45,80,90,100,30,grass,fairy
756,salandit,48,44,40,71,40,77,poison,fire
757,salazzle,68,64,60,111,60,117,poison,fire
758,stufful,70,75,50,45,50,50,normal,fighting
759,bewear,120,125,80,55,60,60,normal,fighting
760,bounsweet,42,30,38,30,38,32,grass,NaN
761,steenee,52,40,48,40,48,62,grass,NaN
762,tsareena,72,120,98,50,98,72,grass,NaN
763,comfey,51,52,90,82,110,100,fairy,NaN
764,oranguru,90,60,80,90,110,60,normal,psychic
765,passimian,100,120,90,40,60,80,fighting,NaN
766,wimpod,25,35,40,20,30,80,bug,water
767,golisopod,75,125,140,60,90,40,bug,water
768,sandygast,55,55,80,70,45,15,ghost,ground
769,palossand,85,75,110,100,75,35,ghost,ground
770,pyukumuku,55,60,130,30,130,5,water,NaN
771,type-null,95,95,95,95,95,59,normal,NaN
772,silvally,95,95,95,95,95,95,normal,NaN
773,minior-red-meteor,60,60,100,60,100,60,rock,flying
774,komala,65,115,65,75,95,65,normal,NaN
775,turtonator,60,78,135,91,85,36,fire,dragon
776,togedemaru,65,98,63,40,73,96,electric,steel
777,mimikyu-disguised,55,90,80,50,105,96,ghost,fairy
778,bruxish,68,105,70,70,70,92,water,psychic
779,drampa,78,60,85,135,91,36,normal,dragon
780,dhelmise,70,131,100,86,90,40,ghost,grass
781,jangmo-o,45,55,65,45,45,45,dragon,NaN
782,hakamo-o,55,75,90,65,70,65,dragon,fighting
783,kommo-o,75,110,125,100,105,85,dragon,fighting
784,tapu-koko,70,115,85,95,75,130,electric,fairy
785,tapu-lele,70,85,75,130,115,95,psychic,fairy
786,tapu-bulu,70,130,115,85,95,75,grass,fairy
787,tapu-fini,70,75,115,95,130,85,water,fairy
788,cosmog,43,29,31,29,31,37,psychic,NaN
789,cosmoem,43,29,131,29,131,37,psychic,NaN
790,solgaleo,137,137,107,113,89,97,psychic,steel
791,lunala,137,113,89,137,107,97,psychic,ghost
792,nihilego,109,53,47,127,131,103,rock,poison
793,buzzwole,107,139,139,53,53,79,bug,fighting
794,pheromosa,71,137,37,137,37,151,bug,fighting
795,xurkitree,83,89,71,173,71,83,electric,NaN
796,celesteela,97,101,103,107,101,61,steel,flying
797,kartana,59,181,131,59,31,109,grass,steel
798,guzzlord,223,101,53,97,53,43,dark,dragon
799,necrozma,97,107,101,127,89,79,psychic,NaN
800,magearna,80,95,115,130,115,65,steel,fairy
801,marshadow,90,125,80,90,90,125,fighting,ghost
802,poipole,67,73,67,73,67,73,poison,NaN
803,naganadel,73,73,73,127,73,121,poison,dragon
804,stakataka,61,131,211,53,101,13,rock,steel
805,blacephalon,53,127,53,151,79,107,fire,ghost
806,zeraora,88,112,75,102,80,143,electric,NaN
807,meltan,46,65,65,55,35,34,steel,NaN
808,melmetal,135,143,143,80,65,34,steel,NaN
809,grookey,50,65,50,40,40,65,grass,NaN
810,thwackey,70,85,70,55,60,80,grass,NaN
811,rillaboom,100,125,90,60,70,85,grass,NaN
812,scorbunny,50,71,40,40,40,69,fire,NaN
813,raboot,65,86,60,55,60,94,fire,NaN
814,cinderace,80,116,75,65,75,119,fire,NaN
815,sobble,50,40,40,70,40,70,water,NaN
816,drizzile,65,60,55,95,55,90,water,NaN
817,inteleon,70,85,65,125,65,120,water,NaN
818,skwovet,70,55,55,35,35,25,normal,NaN
819,greedent,120,95,95,55,75,20,normal,NaN
820,rookidee,38,47,35,33,35,57,flying,NaN
821,corvisquire,68,67,55,43,55,77,flying,NaN
822,corviknight,98,87,105,53,85,67,flying,steel
823,blipbug,25,20,20,25,45,45,bug,NaN
824,dottler,50,35,80,50,90,30,bug,psychic
825,orbeetle,60,45,110,80,120,90,bug,psychic
826,nickit,40,28,28,47,52,50,dark,NaN
827,thievul,70,58,58,87,92,90,dark,NaN
828,gossifleur,40,40,60,40,60,10,grass,NaN
829,eldegoss,60,50,90,80,120,60,grass,NaN
830,wooloo,42,40,55,40,45,48,normal,NaN
831,dubwool,72,80,100,60,90,88,normal,NaN
832,chewtle,50,64,50,38,38,44,water,NaN
833,drednaw,90,115,90,48,68,74,water,rock
834,yamper,59,45,50,40,50,26,electric,NaN
835,boltund,69,90,60,90,60,121,electric,NaN
836,rolycoly,30,40,50,40,50,30,rock,NaN
837,carkol,80,60,90,60,70,50,rock,fire
838,coalossal,110,80,120,80,90,30,rock,fire
839,applin,40,40,80,40,40,20,grass,dragon
840,flapple,70,110,80,95,60,70,grass,dragon
841,appletun,110,85,80,100,80,30,grass,dragon
842,silicobra,52,57,75,35,50,46,ground,NaN
843,sandaconda,72,107,125,65,70,71,ground,NaN
844,cramorant,70,85,55,85,95,85,flying,water
845,arrokuda,41,63,40,40,30,66,water,NaN
846,barraskewda,61,123,60,60,50,136,water,NaN
847,toxel,40,38,35,54,35,40,electric,poison
848,toxtricity-amped,75,98,70,114,70,75,electric,poison
849,sizzlipede,50,65,45,50,50,45,fire,bug
850,centiskorch,100,115,65,90,90,65,fire,bug
851,clobbopus,50,68,60,50,50,32,fighting,NaN
852,grapploct,80,118,90,70,80,42,fighting,NaN
853,sinistea,40,45,45,74,54,50,ghost,NaN
854,polteageist,60,65,65,134,114,70,ghost,NaN
855,hatenna,42,30,45,56,53,39,psychic,NaN
856,hattrem,57,40,65,86,73,49,psychic,NaN
857,hatterene,57,90,95,136,103,29,psychic,fairy
858,impidimp,45,45,30,55,40,50,dark,fairy
859,morgrem,65,60,45,75,55,70,dark,fairy
860,grimmsnarl,95,120,65,95,75,60,dark,fairy
861,obstagoon,93,90,101,60,81,95,dark,normal
862,perrserker,70,110,100,50,60,50,steel,NaN
863,cursola,60,95,50,145,130,30,ghost,NaN
864,sirfetchd,62,135,95,68,82,65,fighting,NaN
865,mr-rime,80,85,75,110,100,70,ice,psychic
866,runerigus,58,95,145,50,105,30,ground,ghost
867,milcery,45,40,40,50,61,34,fairy,NaN
868,alcremie,65,60,75,110,121,64,fairy,NaN
869,falinks,65,100,100,70,60,75,fighting,NaN
870,pincurchin,48,101,95,91,85,15,electric,NaN
871,snom,30,25,35,45,30,20,ice,bug
872,frosmoth,70,65,60,125,90,65,ice,bug
873,stonjourner,100,125,135,20,20,70,rock,NaN
874,eiscue-ice,75,80,110,65,90,50,ice,NaN
875,indeedee-male,60,65,55,105,95,95,psychic,normal
876,morpeko-full-belly,58,95,58,70,58,97,electric,dark
877,cufant,72,80,49,40,49,40,steel,NaN
878,copperajah,122,130,69,80,69,30,steel,NaN
879,dracozolt,90,100,90,80,70,75,electric,dragon
880,arctozolt,90,100,90,90,80,55,electric,ice
881,dracovish,90,90,100,70,80,75,water,dragon
882,arctovish,90,90,100,80,90,55,water,ice
883,duraludon,70,95,115,120,50,85,steel,dragon
884,dreepy,28,60,30,40,30,82,dragon,ghost
885,drakloak,68,80,50,60,50,102,dragon,ghost
886,dragapult,88,120,75,100,75,142,dragon,ghost
887,zacian,92,130,115,80,115,138,fairy,NaN
888,zamazenta,92,130,115,80,115,138,fighting,NaN
889,eternatus,140,85,95,145,95,130,poison,dragon
890,kubfu,60,90,60,53,50,72,fighting,NaN
891,urshifu-single-strike,100,130,100,63,60,97,fighting,dark
892,zarude,105,120,105,70,95,105,dark,grass
893,regieleki,80,100,50,100,50,200,electric,NaN
894,regidrago,200,100,50,100,50,80,dragon,NaN
895,glastrier,100,145,130,65,110,30,ice,NaN
896,spectrier,100,65,60,145,80,130,ghost,NaN
897,calyrex,100,80,80,80,80,80,psychic,grass
898,wyrdeer,103,105,72,105,75,65,normal,psychic
899,kleavor,70,135,95,45,70,85,bug,rock
900,ursaluna,130,140,105,45,80,50,ground,normal
901,basculegion-male,120,112,65,80,75,78,water,ghost
902,sneasler,80,130,60,40,80,120,fighting,poison
903,overqwil,85,115,95,65,65,85,dark,poison
904,enamorus-incarnate,74,115,70,135,80,106,fairy,flying
905,sprigatito,40,61,54,45,45,65,grass,NaN
906,floragato,61,80,63,60,63,83,grass,NaN
907,meowscarada,76,110,70,81,70,123,grass,dark
908,fuecoco,67,45,59,63,40,36,fire,NaN
909,crocalor,81,55,78,90,58,49,fire,NaN
910,skeledirge,104,75,100,110,75,66,fire,ghost
911,quaxly,55,65,45,50,45,50,water,NaN
912,quaxwell,70,85,65,65,60,65,water,NaN
913,quaquaval,85,120,80,85,75,85,water,fighting
914,lechonk,54,45,40,35,45,35,normal,NaN
915,oinkologne,110,100,75,59,80,65,normal,NaN
916,tarountula,35,41,45,29,40,20,bug,NaN
917,spidops,60,79,92,52,86,35,bug,NaN
918,nymble,33,46,40,21,25,45,bug,NaN
919,lokix,71,102,78,52,55,92,bug,dark
920,pawmi,45,50,20,40,25,60,electric,NaN
921,pawmo,60,75,40,50,40,85,electric,fighting
922,pawmot,70,115,70,70,60,105,electric,fighting
923,tandemaus,50,50,45,40,45,75,normal,NaN
924,maushold,74,75,70,65,75,111,normal,NaN
925,fidough,37,55,70,30,55,65,fairy,NaN
926,dachsbun,57,80,115,50,80,95,fairy,NaN
927,smoliv,41,35,45,58,51,30,grass,normal
928,dolliv,52,53,60,78,78,33,grass,normal
929,arboliva,78,69,90,125,109,39,grass,normal
930,squawkabilly,82,96,51,45,51,92,normal,flying
931,nacli,55,55,75,35,35,25,rock,NaN
932,naclstack,60,60,100,35,65,35,rock,NaN
933,garganacl,100,100,130,45,90,35,rock,NaN
934,charcadet,40,50,40,50,40,35,fire,NaN
935,armarouge,85,60,100,125,80,75,fire,psychic
936,ceruledge,75,125,80,60,100,85,fire,ghost
937,tadbulb,61,31,41,59,35,45,electric,NaN
938,bellibolt,109,64,91,103,83,45,electric,NaN
939,wattrel,40,40,35,55,40,70,electric,flying
940,kilowattrel,70,70,60,105,60,125,electric,flying
941,maschiff,60,78,60,40,51,51,dark,NaN
942,mabosstiff,80,120,90,60,70,85,dark,NaN
943,shroodle,40,65,35,40,35,75,poison,normal
944,grafaiai,63,95,65,80,72,110,poison,normal
945,bramblin,40,65,30,45,35,60,grass,ghost
946,brambleghast,55,115,70,80,70,90,grass,ghost
947,toedscool,40,40,35,50,100,70,ground,grass
948,toedscruel,80,70,65,80,120,100,ground,grass
949,klawf,70,100,115,35,55,75,rock,NaN
950,capsakid,50,62,40,62,40,50,grass,NaN
951,scovillain,65,108,65,108,65,75,grass,fire
952,rellor,41,50,60,31,58,30,bug,NaN
953,rabsca,75,50,85,115,100,45,bug,psychic
954,flittle,30,35,30,55,30,75,psychic,NaN
955,espathra,95,60,60,101,60,105,psychic,NaN
956,tinkatink,50,45,45,35,64,58,fairy,steel
957,tinkatuff,65,55,55,45,82,78,fairy,steel
958,tinkaton,85,75,77,70,105,94,fairy,steel
959,wiglett,10,55,25,35,25,95,water,NaN
960,wugtrio,35,100,50,50,70,120,water,NaN
961,bombirdier,70,103,85,60,85,82,flying,dark
962,finizen,70,45,40,45,40,75,water,NaN
963,palafin,100,70,72,53,62,100,water,NaN
964,varoom,45,70,63,30,45,47,steel,poison
965,revavroom,80,119,90,54,67,90,steel,poison
966,cyclizar,70,95,65,85,65,121,dragon,normal
967,orthworm,70,85,145,60,55,65,steel,NaN
968,glimmet,48,35,42,105,60,60,rock,poison
969,glimmora,83,55,90,130,81,86,rock,poison
970,greavard,50,61,60,30,55,34,ghost,NaN
971,houndstone,72,101,100,50,97,68,ghost,NaN
972,flamigo,82,115,74,75,64,90,flying,fighting
973,cetoddle,108,68,45,30,40,43,ice,NaN
974,cetitan,170,113,65,45,55,73,ice,NaN
975,veluza,90,102,73,78,65,70,water,psychic
976,dondozo,150,100,115,65,65,35,water,NaN
977,tatsugiri,68,50,60,120,95,82,dragon,water
978,annihilape,110,115,80,50,90,90,fighting,ghost
979,clodsire,130,75,60,45,100,20,poison,ground
980,farigiraf,120,90,70,110,70,60,normal,psychic
981,dudunsparce,125,100,80,85,75,55,normal,NaN
982,kingambit,100,135,120,60,85,50,dark,steel
983,great-tusk,115,131,131,53,53,87,ground,fighting
984,scream-tail,115,65,99,65,115,111,fairy,psychic
985,brute-bonnet,111,127,99,79,99,55,grass,dark
986,flutter-mane,55,55,55,135,135,135,ghost,fairy
987,slither-wing,85,135,79,85,105,81,bug,fighting
988,sandy-shocks,85,81,97,121,85,101,electric,ground
989,iron-treads,90,112,120,72,70,106,ground,steel
990,iron-bundle,56,80,114,124,60,136,ice,water
991,iron-hands,154,140,108,50,68,50,fighting,electric
992,iron-jugulis,94,80,86,122,80,108,dark,flying
993,iron-moth,80,70,60,140,110,110,fire,poison
994,iron-thorns,100,134,110,70,84,72,rock,electric
995,frigibax,65,75,45,35,45,55,dragon,ice
996,arctibax,90,95,66,45,65,62,dragon,ice
997,baxcalibur,115,145,92,75,86,87,dragon,ice
998,gimmighoul,45,30,70,75,70,10,ghost,NaN
999,gholdengo,87,60,95,133,91,84,steel,ghost
1000,wo-chien,85,85,100,95,135,70,dark,grass
1001,chien-pao,80,120,80,90,65,135,dark,ice
1002,ting-lu,155,110,125,55,80,45,dark,ground
1003,chi-yu,55,80,80,135,120,100,dark,fire
1004,roaring-moon,105,139,71,55,101,119,dragon,dark
1005,iron-valiant,74,130,90,120,60,116,fairy,fighting
1006,koraidon,100,135,115,85,100,135,fighting,dragon
1007,miraidon,100,85,100,135,115,135,electric,dragon
1008,walking-wake,99,83,91,125,83,109,water,dragon
